,f1,f2,f3,f4,f5,f6,f7,f8,f9,f10,f11,f12,f13,f14,f15,label
0,0.1400232243725053,0.2654176064235214,-0.535880314401311,0.8082622806365823,-0.9985505766641137,1.1470533476821012,0.9794409105459176,0.7223506329607119,0.5599355772765207,0.39938188331943353,1.098400096270292,0.03680505393847284,1.3025424082664732,-0.23981259113789702,0.6259142639271031,0.0
1,1.1760993782193896,1.6900233938655718,-0.7370422539054974,1.207350422993674,-1.2497396304487192,-0.9218807435878333,0.06519541139900077,-0.5817716841610457,0.6452537760931074,-0.0891740569192727,-1.5715975128234458,0.633757037339901,0.6365716352109675,1.233946070225184,-0.3003622256529814,1.0
2,1.322751226826869,0.6359433943796222,0.012524659708091683,0.027479404194643092,0.08326650114057155,0.44798207125069767,1.1589018963180466,1.177922302742883,0.8875205117119555,0.01837824308867691,-0.3953211573552875,0.4519289708204754,0.7442542897099246,-0.4922241867587407,-0.3164755381023299,1.0
3,0.9072890290160907,-0.4755991610853989,-1.2709701311693005,1.8371892931479743,-2.4714382983473198,1.270535701386534,-0.5362595564721749,-0.8525898023102578,0.7784210128346141,0.3621185656503986,-1.1111509823690362,0.15353078335573997,-0.34258827063218833,-0.14710435862356014,-0.5854835818711511,0.0
4,0.8096043621438381,1.0390834280762786,0.8690252867962313,-1.2046263273951316,1.7564688210299528,0.31881370500601863,-2.5829205063722114,-1.4934091068073223,-1.2213535962808755,0.43506152895585115,-0.0684069819069987,0.9421536451651743,0.3290380933141928,0.3753193056805578,-0.8432916384354133,1.0
5,-0.1351690939525711,1.0497005222275781,0.15711744164615257,-0.15555889778665913,0.39799567113236556,1.2883003774565152,-0.2140406410376323,-0.8668484104648099,-0.16059362472577762,0.8738545784583327,0.5732955136957115,0.2690175127576741,1.0975017629462225,0.6298314473038052,-0.6725639217670952,1.0
6,0.04102547116661248,0.7345607948359463,0.6800138325024813,-0.9482925464510353,1.367111750555114,0.009882107482892298,-0.10061421743974981,-1.3038984816566768,-1.1297448707121849,-0.20099254930929825,-0.5542048179065544,0.7635354200819794,-0.3481752469307906,-1.2386487237397457,0.28666255686543596,0.0
7,0.3797844317800827,-0.7054195994236045,-1.6586983105132564,2.3915323820522705,-3.2332945860279367,-0.9960449784009485,1.0473299910820106,0.38797722295155984,0.7503114125477957,1.3890101443157135,0.27520090856226975,1.1482478005182748,-1.5629631279868135,-0.061530390899271876,-0.1829268914701734,0.0
8,-0.2759717684790001,-0.9015318178366949,-0.13448574929719623,0.1329326522000693,-0.34095021653706925,-0.23155641902493435,0.6720523863127227,0.5026757544659725,-1.3266014997284745,-1.1531719555574726,0.337524034864257,1.6617241422669693,1.1768963237753105,-0.5459825885491096,0.6450293760254574,1.0
9,0.18700670922138735,0.2544479542624092,-0.5354171752026946,0.8067881653804532,-0.9986899041809382,0.24464715198463025,0.04379098398785732,-0.3097748395733464,1.0812762590710354,0.04595111443613858,1.2344165664796312,-0.4677111670198576,-0.5167371164591553,0.02616362536516135,-1.4337667589850023,0.0
10,-0.3778871333810514,0.35455309872204643,0.7043597687000048,-1.0115833235756422,1.3781387490175874,-1.8515072300004245,-1.312689387761315,1.0052280125927318,-1.4665047982581483,-0.7522717612249705,-1.1116881830159198,-1.5982929158985666,-0.04176125631407386,0.9290849574809519,0.43088168342738276,0.0
11,0.6825671330022465,1.4293337538170319,-0.6688920128588184,1.0881728981983991,-1.1439282974319454,1.5681128733254142,-0.25107559891304904,0.5364567767431372,0.4259842481995035,-1.1078820876495894,1.618479498560094,-1.0974057762601928,1.8568470569842317,0.8387364261010607,-0.029588036744885977,1.0
12,1.709066084142844,-0.46742316950955454,0.4627488652776133,-0.71516160182546,0.840046131135796,-0.005448562707322211,-0.3222040091573386,-1.2934883321062767,1.5078220464090288,0.09460406959109846,-0.7723270813876411,-0.6978315651156476,0.46778172420444564,-0.11675603889332939,0.4544206245493719,1.0
13,-0.9096639503318109,0.11936528187035111,-0.35832919593802415,0.5362675369072846,-0.6731280842716827,-0.5770970912231649,3.4977332130099206,1.2272874931908777,-0.2327339206118768,0.2585872748309948,-0.5201570349588155,1.480655315497129,0.11418667755179893,-1.4785755463382044,-1.5138916322828162,1.0
14,-0.6097601953609695,1.067857218117473,0.9484808368408417,-1.3195486704892143,1.9108829813789026,2.4354570100592356,0.6802731255172763,-0.9991102077644969,-0.09557069296936267,1.3479473835530753,0.4139304418636481,-1.1743778599900774,1.3559961340015032,-0.24427198376860276,0.2395835991494389,1.0
15,-1.9242697199402883,-0.5773882975473167,-0.4713068747517532,0.6523163468031579,-0.9538954453183355,-1.8123073329553319,1.1667521239015066,1.313029690025663,1.5936040457684495,-1.5105976373212122,-0.6863269104158976,0.23041235455812786,0.6439620615705387,-0.9422990501563487,0.36699098333604263,0.0
16,-0.271790151261561,0.6718435204439577,-0.4970393638190851,0.7804165985765519,-0.8864499965338725,-0.041680392568806846,1.8559902616310493,-0.07782846868624346,-0.8716882236177442,-0.1794079555368486,-0.1898515248788839,-0.025658012244034807,0.7646593107006942,1.2896051155817498,-0.4474847955316275,1.0
17,-0.9932558230120853,-1.7813130127270758,0.5215608281277033,-0.8966411788727934,0.8297352659843338,0.5303408337196036,-1.3936342143644005,0.9678674974308693,0.02180646883173069,-2.17955435711162,-0.6284578690331938,-0.4225281376879531,0.022527639430981492,0.4277723034855788,-1.5783907455254873,0.0
18,-1.5183991251450517,0.21194790787040918,-0.7686981934650445,1.1472308759015193,-1.4481312097257253,-1.8231849188158469,2.0723842431141155,0.07608518774860713,-1.1079921213297537,0.18304639640721565,-1.6604766358837046,-0.14425589570042627,-1.621234941873989,0.6124036102586059,-1.067636651848495,0.0
19,-1.5733553059740897,-2.8129467039937235,0.37918363320138926,-0.7614830069730402,0.46157375313975824,-1.154370993725999,-0.05740013821342356,-1.491691419615959,0.10134284227406883,-0.8151738977819026,-1.4274203213810017,-0.988368644717374,-1.3402479587354343,-0.9200715920916858,0.7676416952129164,0.0
20,-1.643056939443056,-0.008197800462877547,1.074024096959385,-1.5821172797475225,2.0501985496641657,-1.21433394028916,2.3170697908639526,-1.4924037058000805,-0.6274811733373702,1.141904734080889,0.8848856766068507,-1.0830521879737123,-0.7368836727262394,-0.6332557982200261,-1.4011088469651052,1.0
21,0.25814574168499865,-0.9749464944805686,-0.1201246130325032,0.10648418298013525,-0.32037750883576854,-2.1767933283855267,0.6827132144767077,0.42857328215112095,0.39231206259984513,-0.2929256029894873,-0.7031961444886649,1.774553462747155,0.4648437320355677,0.20751245956950362,1.0441598774548724,1.0
22,-0.487593379554114,0.6202709889517274,0.27160302639519746,-0.3551512024635557,0.576541660185058,0.43715013757345267,0.5518366900964573,-0.9925713936719319,2.0957772256573843,-1.224493329339924,0.518054711475958,-0.05229443656195489,-1.004680011039236,-0.49647010128842545,-0.8074913284983251,1.0
23,-0.6126925048998472,1.269182452362635,0.1443096275808228,-0.12085003528316293,0.3940209036209291,-0.777190043140738,-0.7632497404738595,0.7072064496655721,0.21656643815244755,-1.1795489911849273,-0.0967524496056463,2.389010416774637,-0.5459047288490053,-1.2327214391362833,1.246276158513684,1.0
24,-0.27646078102774807,0.5462169561593235,-1.1297159812748774,1.7029758919128581,-2.1063375835197866,0.8334286454938306,0.4129413166449253,-0.2716856504239201,0.5717304953873711,1.6873674250760378,-0.5175737506974505,-0.14180575597055478,0.6336835731085109,0.502740481690795,0.07683252427069177,0.0
25,0.8866549049836538,1.1074624585484583,0.007499255741464053,0.06892839955784673,0.11767440585941846,-1.5179098318752025,1.377325973097435,0.3573210085384058,-1.24055255549342,0.9610617898479785,-1.6102079213745863,0.7367316267467546,-0.8622216124655184,-0.5812156745470359,-0.32223934490193906,1.0
26,-0.06986798477299752,-0.9938797321771373,0.6116833417895176,-0.9724871370269148,1.0753209208443304,-0.8331920829490317,-0.8813790847731098,-0.2611748366772039,1.6424404456226451,1.0829894947168839,-0.2984750992787721,0.9493400576141389,-0.4781208182712701,-0.8985856493761909,-0.9033600199783139,0.0
27,2.0164336496109887,0.3355655453502233,0.7752228053670753,-1.1173018975067375,1.5116872676771678,0.6478956517591558,1.030072181036979,-0.19580036442229093,-0.20633134010043586,-1.1856250056609972,-0.11876269265995065,-0.3868821829499402,1.2318320414264545,-0.6916598686291356,0.8629976239597662,0.0
28,-0.8098668123026196,-0.6683592803880452,-0.1856907345306191,0.22517085231678144,-0.41697080526887476,0.36883240813697366,-0.9813963895421948,-1.1027782566857363,-1.1333228543982254,-0.22048080137838222,0.290140268014631,0.5159058151690523,-0.1292159626928927,-0.45647978156006924,0.8491114728757589,1.0
29,-0.05483001504109027,-1.3150791353687734,-0.5650345773710472,0.7370629920252838,-1.201723386742572,-0.8284718769742514,-0.005371111831579057,0.32213197343300987,-0.14826754380617008,0.5338923587757191,-1.4637286483272927,0.1508996997485129,0.7783732122667135,1.1148836163089435,1.560674746593069,0.0
30,-0.0792993239342451,-0.971441635340592,0.7442832624117137,-1.16612330231521,1.3306286494832158,-0.14594278156528936,1.0479058100627103,-0.6862024305995188,0.7241631069943866,-0.4038873723401422,1.2629253274655436,-0.36130197516509777,0.6665580591767784,0.0676037226982586,0.9669534701479439,0.0
31,0.600246815503391,0.45532265243838044,-0.4317775746395426,0.6686818672988275,-0.7820324261598892,0.01807258622627534,-0.22536029229239554,0.7446229357319161,-0.3655949227121032,1.0171898604326932,0.28415381404638024,-1.8976546297192303,-1.2773595312756092,-0.12001818396930597,-0.23039541814348807,1.0
32,2.1023876992681183,-0.37173210936621714,-0.2727605120018897,0.37480292511693775,-0.5555571467639802,-0.6173887881303395,1.8306186548850893,1.744887450272161,-0.3751331720512888,-1.2514192246822495,0.5397835771991102,1.3206284634544783,-0.09876991979992568,0.012393740982792965,0.9541457041382159,1.0
33,-0.9247924917345455,-1.5177600346363915,-0.4085871906809623,0.49205476203178466,-0.921885575578331,-1.1650903529205323,-0.02404851981865067,-1.1363268385187622,-0.001310267481981292,0.5862278299246351,-0.5818173556909605,0.6876607638041645,0.38943451449942995,0.8300609948328233,0.21282636673620822,0.0
34,0.6671674331244863,-1.6770271533444694,-0.26224584151387875,0.2650628683886814,-0.6572947364341762,-0.8960954971509714,-0.08059920481781233,0.17782528890509988,0.5286206983841771,0.287533623753849,0.9974069965116055,-1.7110031487678772,0.09699905684523326,1.4735879067705184,-1.932857488748199,0.0
35,-1.0467976406548463,0.20574280535381084,0.8608916995193443,-1.2528259840087996,1.6631654728723713,-0.387644715102838,1.1183023317641339,-0.11324715533360015,-0.6495363523641461,-0.5312875691759632,0.2879404394890545,1.373739583555098,1.7997613435980058,-0.35819990675182906,-0.9473134517318371,0.0
36,-0.3431837510288558,-1.1789352807522364,0.43816584741336084,-0.7303417049715377,0.7267004687227172,0.6658263875261506,-2.103519907247035,0.7942374411146729,0.992518356968602,0.7027429212365527,0.4973604525608073,-0.4695809968785343,0.883989908353626,-1.0652268516525976,0.7818193538090882,0.0
37,-1.343823786414153,1.2238672046287706,-0.6421634255675304,1.0339774432768694,-1.1120623447025533,-0.4109989611326673,2.6386281383462387,-0.8367112389402137,-0.12816047067003722,-0.07433680045302665,0.7232211279234171,-0.5704085570960435,-0.5275722541981827,-2.6929906016728467,0.8754962812709968,1.0
38,0.8710904314869757,-1.1435877409171042,0.3877190483319762,-0.6535051380070108,0.6336657274994648,-1.3882897842875932,0.8056373755381533,-0.48791029387317175,-0.43710338662950926,-0.8852324511134428,-0.15613268649760495,-0.5732094135386677,-0.4218408692479749,0.9748121626212952,-0.3095668546137489,0.0
39,0.24689930653145037,1.0681532933731739,0.17745421914817922,-0.18417277538622198,0.43855301989445483,0.6383901989392414,-1.3910574444327002,0.32710923390479185,-0.16375775897466385,-0.856270584651539,-0.8305369257023701,-0.021384041003152162,-0.6838889727084868,0.4780075967710367,0.34918976365973614,1.0
40,1.60539230482452,1.3994774748572538,-0.6746761697954526,1.094534244331137,-1.157760095253727,1.863814388616422,0.036209576409992894,0.9248507073945593,-1.4597484680053712,-0.7267284284833034,1.3440501908964555,-1.7963504576289868,-1.6200086848258148,-0.6803412101327229,-0.8352088016586658,1.0
41,0.8347164520879606,1.9365412859643811,0.6161813156198703,-0.7675011995807879,1.3573914076920275,-0.06968426522094358,-0.46058800155953844,-0.3573718339660764,-1.0985998054212498,-1.02637646945918,-0.9230739822931796,-0.252955850947215,-0.8558618408112716,-0.5053694426435628,0.07783509980749428,1.0
42,0.7001475819699898,-0.36621322889580943,-0.3696536174503462,0.517878787512017,-0.7400698210786032,0.5182296569746717,-0.8697227691148369,-0.16259295848826097,-0.27394929961576814,1.0454068853145497,-0.9504345105238657,1.1159442786991458,0.025833490034321827,0.06344297574034555,-0.04670243577624891,0.0
43,-0.24985965489624323,-2.290602324528486,-0.7014500687331275,0.8674942260412457,-1.5532638858846912,-0.1753778435620134,-0.0367922731883627,-0.5008957723358088,0.9095030691955432,-0.4501731035186383,-0.6878276040420205,-0.2879883340638215,1.8665536530656677,-2.4402815088713288,-1.508277793021991,0.0
44,-1.192203533226558,1.1342933865272498,0.5904848297351644,-0.7875938382556127,1.2334515547260043,0.7689517347121227,1.6240349768722897,1.366840489935018,-1.0190901651039068,-1.1107606183288257,-0.03057898513846185,0.520291494824375,-0.4971659751198988,0.7367619876663539,-1.6200054470652798,1.0
45,1.5307742782020965,1.8002025986257206,0.6725715425758678,-0.8603822965001133,1.45235077407016,0.4274352929467277,-1.0249941291423166,0.12411028875953559,0.19245417480102683,-0.1581064383700664,-0.1870585969862726,-0.5523384603689413,-0.16532301797198776,1.0803454475652543,3.175645622759872,1.0
46,-0.9720802396498728,-0.6433228439316963,-0.2971563001628699,0.391114385878896,-0.6274896739971507,-0.37331380978159884,0.26780227079090474,2.459328186380878,-1.0896892719004607,1.576798495870392,0.37792193554380077,0.5647419278979584,-0.7203738496436936,0.5889465817743657,0.9281564147485335,0.0
47,-0.23842086187430567,2.618801424774606,-0.9369821673829157,1.568834771321063,-1.5448681502043282,-0.9723813730991715,-0.3147850869278067,-0.7362351752025074,-0.29468417960600407,-0.7586990379587205,-0.1250086665195095,0.358253084681278,0.8778701420524679,-1.131291459367023,0.24414127057568077,1.0
48,0.033850546378914055,-1.5759277791822899,0.504993687517816,-0.8574145609518979,0.8172660911174594,0.8085877471188782,-1.342225157497773,-1.9276195387473654,-0.06704636216451189,-0.06681203884101264,1.6975919467332765,0.027445988748169246,-0.2707362873383945,-1.2168380245765598,0.6361078155884912,0.0
49,-0.12453931892832386,1.5838272468533612,0.05492671317115782,0.033489259884903574,0.25269887249213285,0.6799291572298176,-0.5742474135551349,1.46476437298493,-2.928179049530265,0.0942977840714626,-0.6620308829218734,0.6363585638990611,-0.5606514839391697,0.27442693222809067,-0.6096119865328574,1.0
50,-1.1501929250946858,-3.0367782899360307,0.12110815980447465,-0.39762406181282545,-0.05213795018741052,-1.3620169930775914,-0.16958913365066064,0.37775734365527663,0.6457488336285446,0.6406094754785554,-0.7949026316633133,-1.053483698298388,-0.023185105110211046,0.126263885741318,0.23745786799419302,0.0
51,-0.4720556864599542,0.12402924576873187,1.266783710461276,-1.8564119881195398,2.43063366884304,1.3341077624727504,-0.748596827448659,-0.19639511417486413,-1.3894174211559105,0.45496480243886556,1.4853219761767376,1.467750838825144,0.5814919686673382,0.24097067249002363,-2.114029596042152,1.0
52,-0.8382050987790317,-0.18900239741910085,-0.6826205859172657,0.9915264943408749,-1.3211754642704812,-1.2707554325274693,-1.3301096532041514,-0.43182587415269563,1.2677196608932495,-0.10574310477833102,1.5661305553290403,0.758374224256144,-0.2693358987438328,0.31980869153903096,-0.5262959762521918,0.0
53,1.3564960452794421,-1.2584889419467378,-0.4293808799702434,0.5413962347708541,-0.9373969059462203,0.8144835029167851,0.7064332300452285,0.3850711415328753,-0.14721267072672853,0.453863854857691,0.26802299357264275,0.10131230415291573,0.6990534913070823,1.0545007644998103,0.45469852141624933,0.0
54,0.7790660412446879,0.8140120601367344,-0.1575040492439241,0.2907091654519542,-0.2248032271699998,-0.19481250513677453,-0.938284491001928,-0.20109347686356294,0.02239460633894263,-1.5478081891445288,3.3216089816731937,0.4918677438526401,-3.1964333120402846,0.9363860141420974,0.46844759018671345,1.0
55,-0.33766637609445505,1.1047138199461164,-0.5888503800366135,0.9468685389811689,-1.0213753686484641,-1.6801908632684013,1.7048957561091929,1.5997823433254763,-0.8420309729209827,0.9060875136247708,1.101136514552094,0.8701666149435846,0.4771291680795952,0.8876729480333779,1.4240671256160868,1.0
56,-1.7735462066855254,-1.633011390522673,-0.20821059480475645,0.18867315110188942,-0.5500009026249553,-0.8175460738709267,-2.2889802990029406,0.9697605976381827,-1.0403483540332197,-0.47990905274136797,-1.890744806074245,0.21288514563786623,-1.3918246987469594,1.664628287994032,0.5708193319864323,0.0
57,-1.2300309426629483,-1.1656153820409945,-0.3451939316024607,0.42413552155256,-0.7679655337420599,1.4325143523436938,-2.339154376920636,0.4332931451527942,-0.9004554381893636,-0.06971943445421579,-0.27918644556636224,0.9664395671568439,-0.3574578360593965,-1.4087129305798343,0.9141053583301904,0.0
58,0.7530081127079045,-2.405617969566703,0.40166545353523825,-0.7651742978642979,0.5425190841779666,-0.7920242005094662,1.3388619604676975,-1.0347861709190789,-0.8555090600881332,0.4702244706827312,-0.07069692457249353,2.0867061463548353,-0.5408740104944382,1.0075483781901708,-0.36089137444128117,0.0
59,-0.6702584507716486,-1.6546254548436907,-1.388752255976254,1.9254872546297257,-2.8063882943031784,2.057213711999628,0.8853250990003004,3.10266992285661,1.513468119021594,0.42036070221154703,-3.608098808051757,-0.8205852879664122,-2.5832165996213843,1.1160595894751328,-0.1420779216484062,0.0
60,0.044421288450659305,-1.0542240191510486,-0.18277114813797557,0.1930079262456991,-0.44740631555932875,-0.3776633152506705,-0.23138873767017093,-0.7149029424894593,-0.42176021096843935,-0.743869186499585,0.22658456141345307,-0.24958468081332338,-0.581284518754703,0.17680733224083775,-1.2017393583326552,0.0
61,-0.31039611670523265,2.052728562909021,0.21140520488257544,-0.16306899475935696,0.5952713970084504,-1.2198361121036505,-0.22187755388374727,-1.4104419243249209,0.39901294702666734,-0.5694643216507047,1.6396692710854373,0.05013002961019977,-0.42434479713722356,-1.4658323530809794,-1.0981993604742704,1.0
62,2.034884454707345,-2.1594424168084925,0.3670166036061985,-0.6963764259051977,0.4993277068584294,-1.6779926929761209,1.206016749673875,-0.974658705597435,0.09338660600501036,-0.3180500909582414,-1.4525494245041368,0.3320882881569529,0.6832830308370403,-0.15415218444862616,1.2440896911384807,0.0
63,1.3369079896057523,2.150744087791402,-0.8376860187054818,1.3888199010894013,-1.398932944299177,0.18009517949990178,1.0801486513105958,0.8747688483361108,-0.3004068861039057,1.7324845539445513,0.5439204774649373,0.5579979897263814,-1.2076961140067966,0.3910386150942594,0.30180597772788337,1.0
64,0.9585781581743412,-1.8948390007874183,0.5622405535588704,-0.9647408660949555,0.8968227453629888,0.3210542351882301,-0.08174022589773788,0.5798972399426655,0.11927428500621738,-1.5567358364026924,-0.030258241912042336,0.44280385396698024,-0.509766286691565,-0.7996686939647532,-0.4594556813664728,0.0
65,-0.6385105686068726,-1.8575460242330193,-0.5817859485627005,0.7225575716760545,-1.2843375628186722,-1.0098144608943966,0.1622078581132466,-0.7107343948669901,0.2611638610379624,0.30013350011541773,0.247537808611277,-0.02192720038517566,-0.025642504002073283,-1.1862334398457193,0.0862284531073818,0.0
66,2.2604814124440087,-1.9311004344554576,0.4138620766592839,-0.7488686121649114,0.6100941190394923,1.2357235989954414,0.11996431803630178,-0.276027622918988,0.8209105209016272,-0.4765957616925275,1.0432646627514957,1.2425040243379126,-0.5375278359801391,-0.48767275375390323,0.6921250325871963,0.0
67,0.8533558001405402,-0.23959974051902722,0.5511533471356096,-0.8288878344723277,1.0301255109299376,1.4834557376683746,0.5211279565855331,-1.1509264440103089,-0.01896660449156292,-1.9523443918002699,0.9122832725492119,-0.5035095141756749,-0.4763871891850125,-1.0571674970769744,-0.9828122715370913,0.0
68,-0.21864125219175612,-0.10319816182928543,-0.18282112675882434,0.26175626840189176,-0.3587474018171528,-0.6929641102929477,-1.203109222016164,0.7752754447734197,-1.0180212011320602,1.4594999944738292,0.17407231475486132,-0.17876659537163297,0.14495154396153953,-1.1211841416798498,-0.5453391462304027,1.0
69,1.606986624952952,0.9087556965558163,-0.7450070436040512,1.1626624580690923,-1.337860943241612,-0.6668485980017033,1.1524863415138118,0.14886449029118162,0.8046786072831957,0.6742997468140393,-2.1823789363371735,0.27911759873575015,-0.7493628095931342,-0.8730854849366361,1.1706850707321483,1.0
70,-0.4049019684703201,0.7206940967145494,0.698175901777662,-0.9760379445707927,1.4005000520378301,0.7815974997206487,0.824561609497663,1.2180880150782498,-0.02086699343932645,-1.5153995444401267,1.592754596707478,-1.5950323770445816,1.038730948592122,-1.0148413640344083,-1.7599219903513152,0.0
71,-0.48100031205302535,-0.20142908978514085,0.6301842731133435,-0.9425063499393597,1.1846057670084928,0.70984081362755,-0.14191314408576214,0.11350435157342349,-0.6280383921706367,-0.03268465075193577,1.2746855245510995,-0.33795603265065577,-1.4716066954830649,1.4545885190868886,0.8618131973761595,0.0
72,-0.783860413065608,1.3787419067097495,-0.665843810010472,1.0800310495141445,-1.1428289058149907,0.9745650372156532,0.7572855758034728,0.20430975648368535,0.06009786418496039,-0.3449097685442636,-1.1085885523566523,-0.6085397529694752,0.24506818454919155,0.6343947101765922,-0.26481414178843193,1.0
73,-0.47578442664286813,1.3085949086947566,-0.6523337893480778,1.0550718307852391,-1.1235765385231233,0.8935828398224649,0.007400092504172347,1.027709653310069,-0.2652514774525498,-0.6099711521653903,-0.26487028686751457,-1.182038588511396,-0.15635089270475294,-1.090735440272363,1.5396452698729506,1.0
74,-4.131828808740394,0.6317619994140886,-0.4809062282877968,0.7537658476670691,-0.8593826551460468,0.5351891357659208,0.1851534175531739,-2.019006601263192,0.20761596395073711,0.1236301024747369,0.0593068067297885,-1.3395278497542962,1.2393450055452464,-0.34656346901051366,-0.5497315478181521,1.0
75,-0.5377962084658484,-1.5457001757095985,0.4542865982807327,-0.7805644276223513,0.7232564807348689,-0.8932409816560678,1.052492840203924,1.9344240301141222,0.20744320666552796,0.7679306741993169,-0.4506258190303259,0.8598377713276266,-0.013695249348794408,1.3658863620694408,-0.3277796032841894,0.0
76,-1.358111354458425,0.5689780393624725,0.33826894559498777,-0.4570222363325182,0.699060438701131,-0.7044214111662158,-0.19440494903127054,-2.369989867436243,-0.3657065614609675,1.3090044422072464,1.784867801091621,0.5935940273627045,-1.2883736826253118,-1.0063313678749124,1.4047517237474194,1.0
77,0.1525173152381692,1.9026390800153221,-0.7838454321077887,1.2916224249895272,-1.3192729642271404,-0.6174629979146732,-1.6120313504258468,-1.7929827108899266,-1.484307846110571,1.8331721421469953,-0.5388255793813672,0.26636860209083885,-0.10672082214542432,-0.9190432921852303,0.3710049442027377,1.0
78,0.692716088520464,0.9276634723122634,-0.0070110144783246085,0.07731160177433155,0.07318578178355184,-1.4781309812801113,0.8339575135134347,0.0997964004520771,-1.5982380590569871,-0.6470255329922052,-1.4227088346024244,-1.2105732465810106,-0.734739205703198,0.3549659636649746,0.5060038953120072,1.0
79,0.9618308759746639,-1.842751369184295,-0.18883189832642855,0.14499199067795704,-0.5325691678132811,-0.7009355223013639,-2.5821100955788383,-0.5827265070569537,0.625323791885732,-0.8520336831296327,-1.0425962719753072,1.1202663932854384,0.29711522835105253,-1.4129952751683892,0.7755706941808623,0.0
80,2.382219746073225,0.945758180039567,-0.5653451246349236,0.900778124762508,-0.9913240880698047,0.025552734328155066,-0.9610009891467719,-1.4236266232886141,-1.7877556440818199,-0.5321328307043419,0.6632947904620947,-0.7747929309503745,-0.37597305494347794,-1.5198380539605916,0.3013403964866644,1.0
81,-0.2651353373299531,1.539943053831801,-0.6797801426682886,1.1121931546670898,-1.1543977457970305,-0.16720683477882395,-0.4339447861653597,-0.3585539187437994,0.18412881429683747,0.4671021624308568,1.977901842610093,1.0726060302463754,-0.43174441355909426,0.45628743548946055,1.32545444710862,1.0
82,0.46822937177479595,0.3867354940250475,-0.4203440737973393,0.6468930099365235,-0.7665998232133948,1.593851454063276,1.615402531661724,-0.3554103988832754,-1.328049430839009,-0.27256322450032694,-0.29772275353573385,0.775907119760643,2.4028106185322833,-0.2225800037427973,-0.012169532129548816,1.0
83,-0.6802007579788754,1.3468240984526987,1.794127281412651,-2.5446380636637267,3.551769639719211,-1.3072566018659177,0.008069321800135622,1.389699558510583,0.9060670668869105,0.1723902245135038,0.8732954073215521,-0.27894245117976957,0.3376208854523208,-0.23911108513259627,-1.4450132380810516,1.0
84,0.023131571037110072,-0.9132768519578313,-0.8028355520162798,1.1162450607789232,-1.6183315793522077,-0.08461129719520419,1.0868941483249681,1.2532526402178625,-0.43549146059545696,1.2255116366217247,0.26907752386276845,1.2972522613301611,0.2272620612191651,-0.608944191061933,-0.11800529720385937,0.0
85,0.7127040048185205,0.7372008805654804,0.5069189840668128,-0.6932157375817125,1.0368150544026375,-0.45392361242625284,0.39437554484345877,-0.8976046103003362,1.1731109614885857,-0.45585601731145686,0.46601634217777443,-1.0931748991270227,1.1182376327234413,-0.8503138546784664,0.7193502005385274,1.0
86,0.8635442329282091,2.1659562922659434,-0.8297069155384421,1.3781689792615583,-1.382276318630764,-2.3867444008996634,1.0113580427361453,-0.9718707342285092,0.24574072910240852,1.102126381518584,0.4236313428405144,-2.078451829096538,0.2012931488364037,1.3936969344194996,-1.004519747953276,1.0
87,-0.076062840549721,1.164841900954727,0.04185539283151713,0.022481633772692078,0.18863604365208841,1.3572086771941538,-0.17550078979773828,0.5204195352359955,-1.5522480635324394,-0.9570699890493439,-0.004976464132863892,0.21242229182752778,1.1834072168122578,-2.0819583111554536,-0.1785129673761182,1.0
88,-0.8604072437552054,-1.3351368916064372,-0.01778806459210251,-0.07021854170740591,-0.15856966831838148,-0.012351665095726641,-0.055024469821742875,0.3164187154764878,-0.7746931559640253,1.4081306624232737,-0.31482344598859424,1.0465749356869491,2.1085812085148286,-2.6504050651678273,-0.8147679644223467,0.0
89,1.6958856259959003,1.1299151420319953,-0.5894548842341981,0.9495785038642653,-1.0201778241031212,1.23637083059234,-0.850083203831097,0.5873703876777451,-0.7379289742619659,0.9019042846711544,-0.7202551296754904,-1.6062847688515067,-0.3457400185192677,-0.23778652669345504,-1.1117869424927098,1.0
90,1.615897823186034,0.40366839107042396,-0.4230616034512099,0.6521173804947268,-0.7702089758243826,-0.3134208166555217,0.01744412025808148,0.9968149742465474,-1.3628688095843238,-0.1996241279685837,0.3707727049037013,-0.30697722382562165,1.508443071032689,0.2717267919693937,-0.22547412384405607,0.0
91,0.7476419962598283,0.34147200579294346,0.6016930432405835,-0.8613487992379866,1.1808648913849442,-0.2151061953909995,-0.18361607513478434,0.23700507675797367,-1.3072359021732514,0.7266215524105641,-0.09469135566742153,0.9868174392465627,-1.1682389314248809,-0.8921672788886755,-0.643258821438199,0.0
92,-0.4659590074352497,0.26684602570290883,1.2476692709745365,-1.8179525587586927,2.4074609629226456,0.28276357375270156,1.0430763980961022,-0.18286058087985646,0.30794944789919654,0.10092276753322081,-2.1084619763471086,-0.5474299064382286,0.3566147116798924,0.78177150341472,-0.5953157058987908,1.0
93,0.33218178942736193,-1.0333815191961906,0.6345573514014359,-1.0090221175143324,1.1153147841140993,-0.9264353059569046,0.2955980500877917,0.15447372766128492,0.4842702406035542,0.705803003495071,1.5399683661791146,0.38018747338718656,-1.6100079305397446,-0.5030519596115147,-0.88704772334822,0.0
94,-0.7557238257562823,-1.563554594562432,0.5675411271389255,-0.9486236285533511,0.9378618263942126,0.9649569601392843,-0.7267846009471379,-1.168803070146086,0.5140720012162419,-0.2985750910312731,1.2885914054999872,0.772842531979455,0.3003609352013075,-0.8625453658311347,0.03247918016206225,0.0
95,1.0839496851808026,1.2881011080004607,-0.622180595478127,1.0091906733190468,-1.0679083786180785,-0.41958581444463905,-0.9805713988033853,-0.4450006951285807,1.9119839263175797,-0.33108896770870344,0.6448357063429557,-0.35692365351477134,1.6962505878435115,-1.0913469644024976,2.0561233486532866,1.0
96,0.8274841688632152,-0.8539160605992546,0.33065325683745894,-0.5485568925771657,0.5517260783770357,-0.1975915762354717,0.9465631269072665,-0.4672708479922993,0.3280932142173523,0.06069651144966185,0.700063329044898,0.865830572060412,0.3828675176423615,0.37890333879906696,1.2891370792512424,0.0
97,-0.25421610151588575,-0.7899255071596141,-0.16479376610116764,0.18562113648316667,-0.3884109652820369,1.1063703435185905,-0.08541309813549428,1.8367277807587545,0.021996445282710383,0.1450819503874603,-0.2715666000808486,0.793883025660065,1.1269093705815825,0.9411812140385052,-0.6002872143675799,1.0
98,-0.8362352718112979,0.07322123126352142,0.7953864760109594,-1.1659375743279203,1.5257087022696023,0.3508171451001428,-1.9109703398074123,0.13077876397332955,0.6147099512751205,-0.12111553298468333,-0.4109056399796037,-1.2694932482145467,-0.8046436947059191,-0.13157796987546014,1.0020098397681738,0.0
99,0.6106432073712014,-2.333289700434128,0.3970093371479049,-0.7530951455473749,0.54037775860151,1.3564824510968876,-1.5961777425199395,-1.3114079906414704,1.5243797684370557,-0.2624459238810005,0.002192864901653261,-0.5133877190267365,0.91503068753347,-0.7152830554453632,-0.8506253861997742,0.0
100,1.1601273724598942,-0.2685054448801152,0.34964974865448734,-0.5342564448774576,0.6426352690528482,0.12976007093182967,-1.2778525676543109,-0.5128673605500668,-0.09447025622387105,-0.051010491415610454,-0.2136408434240347,0.3479643610915949,-0.5196070268124394,0.11954871370443855,0.3731430231887467,1.0
101,-1.1153510026523974,1.9244311550087962,-0.043517991159934065,0.2030467896985046,0.09649501724410403,0.21102384711526606,-0.14326704876317944,0.044485961088167665,0.08700385774245878,-0.9961366820633846,-1.988748338600317,-1.022273721353278,-0.31601632810299957,-0.12183789671263662,-0.5270749026693717,1.0
102,-0.7829790925992934,-1.4775832514134752,0.6964569840293798,-1.1322471109478778,1.1920636734602383,0.6480157667413528,-0.04372284598275079,-0.7023452247608033,-1.170108325955418,0.06351855578765264,-1.4441584474775884,-0.2866181294590525,-0.6483439442103239,-1.0674278941209034,0.943959573837233,0.0
103,-2.192822376785468,0.839214403328256,0.5206773523385227,-0.7061087308406551,1.0726085241366086,0.37767575010578763,-2.784251539811325,0.1949345844356608,0.06975474794156324,0.338078843885643,-0.5226731384836338,0.9610484311699675,0.9140533649940833,-2.1647960294314834,-0.16856779400504124,1.0
104,0.028775428653203202,-0.4247109209738087,-0.6841062383640567,0.9766933493595111,-1.3460099406625758,0.035401422467954996,0.19463355797712353,1.8393862311426878,0.8999596911794009,0.6666238293267912,2.6124985920942487,-0.7449263524957613,-0.9634350025269773,0.234596803854421,-1.2954718606109177,1.0
105,-2.066371650764226,1.2277764762299657,-0.6225612006724323,1.005395007369371,-1.0742649725501974,-0.04352200242325439,-0.919362474802323,0.2117786545259322,0.40659861082577636,0.8352438098009819,-0.9248012414943622,-0.5217187900998504,-0.11863079852083742,-0.492580981829441,-0.9333886178759263,1.0
106,0.897831743094111,-1.287276150907406,0.4827737953914613,-0.8038513669416256,0.8017732085771697,-1.2218741730641045,1.4871955630754323,-1.5273664642175169,-0.2528663150974268,0.04061431737646424,-0.20626532189173422,-0.7571359048111931,0.7270158790796586,-0.6348358563859517,0.9810556683211105,0.0
107,-0.4625311801276531,-0.994465755472475,0.5666913435563073,-0.9062776972003025,0.9893492091685115,0.10387578694720077,-1.1664805742262148,1.8992934798056136,-1.506779658762009,-0.7889941753321844,-0.11740232297719895,-0.015061910160424337,0.8688549940807176,1.500322934319706,-1.1462266806860981,0.0
108,0.27838560946170715,0.8100860742852719,-0.5284743900917882,0.836688066247945,-0.9335770664923428,-1.438725018556904,-0.8707846843247621,-0.528971003380564,1.0251334468427653,1.574072006958966,1.8263499225369293,0.5167421828957957,-1.7765654021510688,0.03059518782462739,1.5896725114728893,1.0
109,-0.7271776629444752,-1.9515838012950002,-0.6666028340483322,0.8406618123064704,-1.4550805175627146,1.2296220536364146,-0.29533577351635865,0.219558994625745,-0.1810894471234077,0.7450624519440862,-0.5233283672172624,-1.7017525508662255,-0.2038673761703368,0.6446849224505499,-1.6944708868389173,0.0
110,0.5919304660278792,0.17634522585655,0.28254722138743793,-0.4033232081852493,0.5560114593556775,0.01607718961676172,1.3720271227106515,0.9944141228468949,0.9850612946834726,-1.356864364280413,0.1667740179885399,1.500030470215823,0.9808718008453366,-0.44309802137473564,1.1159946117869033,1.0
111,1.7858179968695522,-0.8305080713425037,0.27286571412272465,-0.46177308058729427,0.443559147086662,-1.4693011993415468,-0.2885938533732021,0.005028258980662785,0.06611267397429751,0.6477723918562756,-0.5471931067080866,1.1045147519293246,0.7377323037123362,0.6745470358156818,-1.2936813496476798,0.0
112,-1.7669949140835652,0.35089732198842216,-0.42636725850920204,0.6531743701325413,-0.7814463293984971,0.23175291442242293,0.9679889968888784,-0.6746159423782147,-0.04887151055089004,1.331713435862729,0.26405197275616243,0.4386568739524687,-0.29293379074432224,0.5871445524296697,0.6877989686976725,1.0
113,-0.2816864381922238,0.4677762456559139,0.9028742348703385,-1.2957244804670924,1.7677898371853757,1.309292571758934,0.5906277711055686,-1.6761639225438398,0.05896591497934428,-0.5700490308113509,0.27763990644016295,-0.9831949867527746,-0.32357510285445007,-0.8195744783928607,0.22470153921707814,1.0
114,0.8321573506043469,1.0172630992945064,0.27433742640181463,-0.330510380849872,0.6188125211424493,1.6745484597075597,-1.0520051073215733,1.7046654027208672,0.3779195973841763,0.2085901340823804,0.47911850661896094,-0.9797084292236503,1.2090112849516657,0.04744924577916016,-1.910250245982019,1.0
115,0.5604602456772657,-0.46227780872784907,0.6961058721490716,-1.0584136351460387,1.286146424300835,1.0448496178299653,-0.7383453398072187,-0.632173143538063,1.9080262170442732,-0.19171800284069487,-0.5448276829824673,-1.0284941208493836,-0.07525341767831158,-0.6057714714664484,-0.01570611227551943,0.0
116,1.306448391360619,-0.7236962984899662,0.6470035290762388,-1.0049866509233276,1.1679834176532014,0.8171487878740628,-0.09526505110603516,0.03421056659672759,-1.240293462016048,0.7059234605040974,0.09655781379309224,1.12948283536886,-0.2966178970449371,-0.08517523010725855,1.3679743728056388,0.0
117,-1.5981760764214177,-0.5642798909956679,0.4765945121425511,-0.7425437798954925,0.857446731316988,1.200325564733166,-0.2029648610983908,0.7243815322832188,-0.5536733382828192,-0.8567733772224037,-0.3152069916168328,0.15954899804065892,-0.5970340529895962,0.5706236961075362,-1.5833666545624239,1.0
118,-0.5430183628635753,-1.6372852868618772,-1.4383465286629529,1.9997681222925439,-2.8994755808380583,-0.6573788652107133,-1.3513808891648353,-0.1969983551365964,0.6400797371242638,-0.8556563456304119,-0.14381800051073843,-2.7489358730667677,1.062795413600486,0.11754982143697755,0.39015746590457456,0.0
119,-1.3420164952775449,1.1897954042189771,0.2527902247326007,-0.2863228583201295,0.5937673934215254,0.2239992456677766,0.8517610598155205,1.167703303934532,-0.2396638800691928,0.3544869804889247,-1.1664361424892733,-0.24601504316830552,0.06677182987157863,-0.14605262872894356,-0.9688128445940555,1.0
120,-0.6326246488359982,-0.9720744826755645,0.2446049650976791,-0.4303811592354106,0.37638056622846805,-0.7544536870109589,-1.5983918870359657,-0.6656927671103582,-0.7486760090027296,-1.0412210038622858,0.7091799446301219,0.7523349204546517,-0.6637532811405741,1.216638976375874,-0.6884839391789238,0.0
121,-0.06045258455667463,-0.5582716146186399,-0.03382367548074374,0.009492663609496594,-0.11669053646821836,0.05038287579030974,-2.9630506706396185,-1.681539630423012,0.06808354033885654,-0.2561737211767227,-0.04977061808472306,-1.2873260541017162,0.6725133347209392,-0.9740053656827052,1.8768508093434588,0.0
122,-0.7717279653120015,-0.44414918066676823,0.6668423899064293,-1.0140133906412008,1.2319565342771008,-0.5280865175577346,0.6324683429836769,0.44915695905571323,1.705709657565293,-0.3729187988855154,1.1278704821871963,0.49936601733004343,0.63043809682125,-0.7062235697068822,-0.057287227970420816,0.0
123,-0.8429550819172466,0.3740323383244346,-0.4200949550083126,0.6456088662563056,-0.767309624509616,0.08495537803017883,-0.3012100574625521,-0.15051755728267438,-0.24279593731559276,-0.7114939503025941,0.3807300989491718,0.8234307718844471,1.4247735191329587,-1.0965704018716402,-0.11781914278239705,1.0
124,0.9038796280946052,-0.6041260562064361,-0.1533610039436913,0.18220293695963305,-0.3492391786931809,0.30771009714585024,1.53463829914765,-1.4314713132122827,1.8549132366969736,0.6684488341157664,-0.02219428516160884,-0.513700605304945,-0.5106498786482426,-0.4094615959403385,-0.5713887241969682,0.0
125,-0.037766665846081446,0.421580417744982,-0.4299131602659035,0.6634999057516596,-0.7816211172532398,1.2450655126895769,0.0030283398656032467,0.3079023690017842,-0.43081868281510305,1.8368576842227482,-0.4457139975063776,-1.2813770624538015,0.5036055265428478,-0.3924763850263009,0.17441099478888564,1.0
126,-0.25524522517960296,1.5357494013031132,0.6921638307702264,-0.9083288845117549,1.4650842816815768,-0.2739355109895527,2.071537890969734,0.7221464949800409,-1.5009630352541612,-0.7040302919729485,0.33258766430530123,-0.0745729821653843,-0.5554366073985607,-0.8297473377142497,-0.014119311642410958,1.0
127,-1.1826021710822967,1.6180801403234835,0.6410756958912596,-0.8271552211319091,1.3752095417246433,-1.3691441247581018,-1.3784995089512566,-0.17628128342894944,1.378470294953253,0.750303608090742,0.15264644496024163,0.5823702605947064,-0.3176452065778204,-1.8998284041500828,0.5538545748472555,1.0
128,-0.9797883270533406,0.30230652517015244,0.036957824994190376,-0.03259132530467098,0.09878762369887162,-0.21440048576329188,-0.4498607409632405,-0.06731901725843656,3.4370355491679305,0.618854398446102,-0.40170012739171257,1.1138269426780802,1.4375300030345828,0.025938953457838587,-1.2999578082937495,0.0
129,0.04614143581900331,0.38490943304768344,0.9766123380958095,-1.4102894562750556,1.9008670793907398,-1.0394315070310942,-1.9911534550346313,-0.35872723190584804,1.3839714352380432,-0.3027056648625023,0.2593758866699329,-1.8491174210618477,0.5337464184556411,-1.7618087891319079,2.0651240593557785,0.0
130,0.731571348250023,0.23585914967726496,-0.0795975698935245,0.13424094083628751,-0.12998853083700523,-0.7768012549631556,-1.0046006231457896,-0.1637524215154603,-0.945409547204564,-1.3445096042126699,1.3974640981256594,0.36644255838351525,-0.6930777330931248,-2.5224439584706073,-0.617042220778934,1.0
131,0.04018437599879352,0.22395674400934695,1.0679716569344808,-1.5564407565781297,2.060306559596336,-1.0927267303110166,-0.4122670051929882,0.41004217783706476,1.3626656409990852,0.6960956741584783,-0.5157341991603929,0.8561175783382478,0.705664908429659,-1.0333750322747266,1.476700523636047,1.0
132,-0.6220242028377688,0.9204352166436145,0.5397471740070341,-0.7283244291255387,1.116604304187436,-0.2428568110276534,0.01440979330977101,-0.4088330388615034,1.0758044307842431,0.061007560615442616,-3.1082606525809338,0.44639506211066227,0.26619875790124264,-0.15394294152923912,-0.009246821172834253,1.0
133,0.32236463994748954,-0.577744599870418,0.8047738900877264,-1.2267678022648907,1.4828836771929874,-0.780388799050961,1.4318006217138295,0.5735999008702185,-0.21831137743218984,0.295214764960578,-0.5690340373735014,0.7958578564505812,-1.9911961824159046,-1.4743367069696443,0.25740879343064554,0.0
134,1.8870312338779323,1.6212375676540502,-0.8526682693938306,1.3726452940844025,-1.4769592714411934,0.30329045103894237,-1.161698000829798,2.1971989231483424,-0.743528583182015,-0.8696235505355205,1.2186173653266401,-1.1365347049319512,0.5182084366898284,1.5815543384864907,-2.6643528444525244,1.0
135,-0.12015584814349572,-1.6883671034508398,-0.21536891291128926,0.19521663581177726,-0.5688365388779855,1.4450350830568486,-1.6070094601865021,0.16772100896520584,0.3064591003754847,0.0005013874809104361,1.7305993609207906,1.290126030545044,-2.1512775564846667,1.0572587617669982,-0.33702299665481794,0.0
136,1.7728646714291263,1.3047339132780014,0.9661188333268101,-1.3284158703224047,1.966671101568938,-0.6675463811231883,0.4433271038175316,-0.616815558060185,-0.23035119182953528,-0.2646440300521799,0.7825782800237875,0.9473395151631382,1.3928065785486912,0.3878866458882264,-1.4446047654042888,0.0
137,0.6433133915512502,0.4724936474508862,-0.4580633855144701,0.7086282700314588,-0.8306255059669836,-1.4179317367112008,0.6177874514778321,-1.4676049723890596,-0.09087223274861243,-0.6563998699750889,-2.174513779250478,0.21731677807837266,-0.6617820868683901,1.2254736419992411,0.13023838618038522,1.0
138,0.1149969688300264,1.71039730105542,0.22816539693553306,-0.2124689266209768,0.5953287555349008,1.2586095370675785,0.39080591803834713,0.42362540705523616,-1.5340307404000486,-1.6811036961980161,0.19070113302366243,-0.5023694548157257,-0.01090023225229599,-2.0304729937252843,0.09345742690864256,1.0
139,0.29982278912392335,1.127968311181207,0.695288397022483,-0.9423762548654873,1.4329948619215886,-1.4574635875807478,2.1359142561854756,1.5200814143302823,0.6762167923586105,0.45422170391270916,1.2760787256629265,0.026257436219884838,0.9407276086794649,-1.3675454238479166,-1.1322400549561804,1.0
140,-0.6931196219683737,-0.07332972520552938,0.44594467716104474,-0.6619590738504368,0.8447354557674285,0.11766689848997203,0.7790106314122858,0.7148674239203886,-0.41422520616292624,0.3029248294022079,-0.9285907925773136,1.1714813203986902,-0.1172152712106666,1.3266649726323303,1.4047912551948842,0.0
141,1.2158020504254976,0.8659994249862949,-0.5347084049889851,0.8499053691303043,-0.9402634775648366,-0.17301834366040744,0.411113120277026,0.20989952014362484,0.8869445974017783,-0.9079485474101199,-0.12605369743444148,0.2962655790526643,0.45947733500582055,-0.40495561363504584,-0.24367505266338818,1.0
142,-0.6067536839778606,0.43017628169376754,1.035228728903301,-1.4933346716828633,2.01702585405697,1.0592610905093118,-1.3056777000405335,0.5655191791635165,1.2531527470047163,1.2864292276358227,-1.8339369093512026,-0.7928842146785783,-0.707213454279107,-0.4747837110338808,2.1591889457079203,1.0
143,0.5329797878120489,-0.0007554959222411117,-0.3377775533305895,0.4973306989775694,-0.6450927844662387,-0.627117669508132,-0.6999497016450017,-0.2315029485222027,-3.260639289311193,-1.0667653912061754,-1.025020949561614,-0.021192515517576515,-0.48846079131255277,-1.951152768120032,-0.0007950287625389517,1.0
144,-0.8793871057405205,2.9788149297205404,-1.0261914971936181,1.7261945895674637,-1.6816246745518384,0.034551977295669105,-0.5021455252780042,0.024970193316468714,-0.10685490393714994,-1.1388751251970353,0.20396403009369235,0.1828173199284175,-0.2406710248060553,-0.1236635169158284,0.6339326964897969,1.0
145,0.3188209282600088,0.5239146047127128,0.031001832191020002,-0.00781839610941201,0.10809556254780273,-0.3599122902875607,0.5477440261930836,-1.045917332228106,2.3243494625385788,-1.7150364429603315,-1.6809431027863677,1.873667394225456,1.7052042762150175,1.0138856280118393,0.6764778433473333,1.0
146,-1.9691832140560048,-0.4324734140818981,-0.3934852274120602,0.5481866544845927,-0.7917625454452368,0.26441831968022567,1.0665577706103353,0.7171768510372684,-1.7551513483417167,-0.4899318549328061,0.9913380395348672,0.12832013240621243,-1.7370424137397216,-1.7750939458938482,-0.35617816702729627,0.0
147,0.0630989171625159,0.3668649316332181,-0.41728733304049626,0.6409570107593373,-0.762617068010305,-0.38102302183524883,0.11856228970208493,0.8121380253240988,-0.6462579273387873,0.02765316938454649,0.7312369082776625,-0.8423575785114282,-0.7104435046001841,1.2372714420998796,1.037760539955968,1.0
148,1.2810002295761331,0.6280766359686094,-0.20665737274476884,0.3496619445885992,-0.3360191399935266,0.07259263607852388,0.3229192725947241,1.0399191459144743,0.8090400514268924,0.10440196530029505,1.1884872009601224,2.6808336365723298,-1.6654434111366276,0.29089576903250697,1.2601787536135693,1.0
149,-1.4186313538144029,-0.21824590891633144,0.6176902816767179,-0.9253230219817775,1.1591777300292878,0.46172319579220444,0.3539586552525643,-0.5484991384294119,-0.17317089715079678,-1.4686661280761346,-1.6271547015694126,-0.6932664645773312,-0.4173821182078993,0.027842890203144212,-2.4645954573238913,0.0
150,0.3262967898753149,-0.9784376573863056,0.613199093902165,-0.9736040258225422,1.0796565406692606,-0.4718398737609504,-1.35592822917933,0.5905971427990874,1.492322960284747,0.7909913584134678,0.7937909142049268,0.2820532317199896,-0.7380297885824112,0.08916682746198293,1.9237258311384635,0.0
151,-0.4511091738128791,-0.11423459709900396,0.1533993552295403,-0.23413311689838232,0.2822715084803097,1.0937090592147265,1.2420264217636872,0.1073888203098985,-0.5559746868096638,-1.045152763356958,1.4549872364856171,0.30824853262488505,-0.6089765376457765,-0.31789612706977877,1.2678505160303695,1.0
152,-0.22893279208922462,-0.762853959459189,0.42621066913400096,-0.6826916844005702,0.7427015105144923,-1.0572590903059707,1.8673051963735716,-1.450006753350085,1.3890377783924792,-0.7691667330735431,-0.6328002104442604,0.40455821968839945,-0.12492693390296078,0.8077545853026108,-0.5030699019463947,0.0
153,-0.06978065290679746,0.07987003255032632,0.7686817273149971,-1.1261340965284434,1.4753336337567622,0.6834082636191167,1.2736143857519584,1.0478060242752574,-1.0213168746780195,1.3934734622896243,0.8480887505908903,0.3255894255771171,0.22886534807260325,-0.913110156573258,0.17190238872228245,0.0
154,-0.3949627337358267,0.06456978820760995,-0.7440156169570109,1.1002428561265707,-1.414751238443225,0.5696195683555235,0.07375038574161395,-0.5893924656478444,0.39907327248754854,1.1202525604342894,-0.3254839003670429,0.8906424012962942,-0.7403063804789317,-0.45261131844925706,-0.37633114312564064,0.0
155,1.9086045550456208,-2.700675243034393,-0.8179294038334392,1.0094008690635445,-1.813963601206706,1.3754220971431834,0.35351667808301684,-0.23884974922836505,-0.728944235612547,-0.20355176270076525,-1.195692661125029,-0.3482945902065396,0.23811258403285723,-0.22142620193923607,-0.8077409967574475,0.0
156,0.18541489897936245,1.1169831117898692,0.6368074275348069,-0.8570549304016729,1.320294018769145,-0.8256040171340879,-0.32305077862484544,0.8271573080125857,0.3404347192358991,1.0947218532691847,1.0052332392708696,0.6471066202948409,-0.8510051667421386,-1.1321984664532472,0.20852620185195134,1.0
157,-1.4582286489034344,1.032200520703278,-0.5726787084109315,0.9178191041669745,-0.9972611295786604,0.42385178966273623,0.1695299793579626,-1.397789194016638,0.6118818248235137,1.4759794490324167,1.3163092610860758,-0.7756863681276109,-0.03741470377182126,0.36963260008611376,-1.5403884055794044,1.0
158,0.3492346449551506,0.5463520137527333,0.9176591721507459,-1.3118215894249747,1.8033563248431868,-0.492340306646468,-1.291677606346601,1.014870997993524,0.6791472904102754,0.7347097519665801,1.5504762646490227,-0.4501094654533032,-1.04270311509758,-0.028517336742135944,1.0049459501333877,0.0
159,0.4785108320972641,0.2968377151228261,-0.473998550409716,0.7194088376119895,-0.8774484685391686,0.26773605021896874,-0.01876223818482856,0.37310975312380473,0.31876220911961795,-0.723514485459313,1.6260693741833596,-0.8031376992673599,-1.5303935764857883,0.6231385241597114,-0.811931512727936,1.0
160,1.0042235999750084,-1.2094127979000884,-0.45347540620923693,0.5804198303042973,-0.9788279504291035,-0.027831203168547307,0.2901058572568819,-0.8993928018863812,-0.41368929992496084,1.5200862866139482,0.7264228940856351,1.678582602376652,-0.20647221196205615,0.3786293328435194,0.9793950253107679,0.0
161,-0.5674061328552369,-0.489394319108277,-0.7069440082916068,1.005651625644723,-1.395657668016324,0.2170107971943379,0.3486744753113896,-1.1877227464340316,-0.3221927211455426,0.3351375343354487,0.915896911078724,0.5367984452281799,-1.8025911107324486,0.301897348704816,0.5830043069408521,0.0
162,0.2952700338333827,1.3624954577218187,-0.6685241074415305,1.0828046733564187,-1.1494634172867106,0.30672840581067773,1.1538144511737427,-1.6974481445998524,1.1568603505601913,-2.101891280182673,0.3861706053211266,0.6557117350422719,-1.4066539393169488,-0.11851163675672179,0.33328390692613613,1.0
163,1.464962782753096,0.5552752067980271,-0.482336475975446,0.750348715025349,-0.8692519847814943,2.4230798778484397,-1.0130828986858738,-1.3928779125982662,-0.27779281074485757,0.9033002117623895,-0.025211978761605126,1.3080911946683038,1.4495509346803919,-1.0441062183292584,0.8781210158204176,1.0
164,-0.0775803179650335,0.7552120626140335,0.2739836504360843,-0.3489124654001369,0.5936810723573755,1.247137400985137,1.7187543586860694,0.2887178799252738,-0.04961602523482637,-0.5054695444844889,-1.689681980188408,0.4398253218826413,-1.1335699818714842,-0.9394787156421127,0.5264506714621721,1.0
165,-1.5790200087716555,-2.7894226394664536,0.38039231209525737,-0.7615641129321914,0.4660772344355466,0.12740431100010208,0.8150733789960062,-1.0525675302788091,-0.6881305308682678,0.20712251463936204,-0.08893760878511382,0.9720469266983396,1.2665691969608825,-0.7910208277014652,-0.7069468365165104,0.0
166,-1.2742922434168942,-0.8205139218617752,-1.136935055951195,1.6149128276370954,-2.2476731422162795,0.36968993578508125,0.980985268739407,-1.4648572610687152,-1.6804986411893583,0.1643368491244166,-1.0961219104747364,0.5380268814705358,-1.917035109877277,-0.802093359204161,0.6042316278504318,0.0
167,0.5712287974294671,-0.8416188888331557,0.4685486311249782,-0.7507230244591419,0.8161996404046437,-0.4314800807727651,-1.4600696734785477,-0.732127283815731,0.6271938497640126,0.4063848727789905,-0.6554230581089053,-0.5222065456332249,1.4208676585852524,0.9295458100889169,-0.7016655828515947,0.0
168,0.21524516843414854,1.3907793445535597,-0.6580617552437685,1.069441032204892,-1.1268448497370194,-0.05455717472093473,0.2903094240863624,-0.30395151784122715,0.2663002929971201,0.19872481749986154,-0.0811265401581784,-0.874881204000868,0.13823377280838864,-1.005825263110846,0.3202406106034837,1.0
169,-0.4447575325616092,1.0774956327657674,0.7604834661105477,-1.042022195158574,1.5527814469050718,1.1451084260157434,0.31742955631509945,-2.544181496016778,-1.634456991217856,-0.057079882148752446,-0.4637469097121887,-0.10559593851170768,0.37110688711657897,-0.3881208605064808,-0.10107042350735154,1.0
170,-0.8672596864840244,1.0594498607650709,-0.5856626633983749,0.9389059863603512,-1.0195123361789502,-0.31400046280337757,-0.7228031357833397,1.3995118709184746,0.6340969774399915,0.38568449642637764,0.5032899872761757,0.5903329656362143,-0.7411255464278157,-1.650385959459687,0.09411959704384196,1.0
171,-0.3115339640071391,-2.0549114899865306,0.305697640447398,-0.5985345285395804,0.39198793808101895,2.207035881730675,-0.9357142965170857,1.5049604912891794,1.9839611540593116,0.05803778979052178,-0.5484182909859698,0.6799882475511553,-0.6099102291945906,1.3103924236189555,0.008844153890990858,0.0
172,0.3566034165822421,2.4233295769016427,-0.9024100533156879,1.5038112716173908,-1.4970913921332565,-0.7640247257222503,0.9419898304988211,-0.6399833588653261,-1.6208945830516104,0.4896527031173084,-0.5991432182720898,-0.8747021153563727,-1.1309275987623024,2.612067930713693,0.0970372430780785,1.0
173,0.18872400724084828,-1.0269510775812953,-0.5817009322864894,0.782410666465438,-1.2066600595746715,0.2563998146122302,0.8377300473445136,-0.9261157235201597,-0.22129756509901585,2.017088265488898,-0.12806862429721827,0.04490602536469539,-0.7693231927429846,-0.21408514900546405,1.5378105243172273,0.0
174,-0.3989195499482527,0.013384067812960865,-0.3467618599226947,0.5115813333843691,-0.6609297037217106,0.30905757259445743,0.0390416099967119,0.18050841145290264,-0.5232801999654595,0.657047569424539,-1.414616093701216,1.0531225230528736,1.290618057044811,1.091503364188667,-2.3158691387087713,1.0
175,0.8277815731893596,-1.111038179314703,0.5776319283781737,-0.9308057993968814,0.9993623182911043,1.6099401953152352,0.3119521734409981,-0.27001380218805415,1.1498484462286502,-1.016565665166279,0.8265778914009905,-1.489616061626754,-1.1387159211812403,1.513546630580739,0.2712074029187342,0.0
176,1.4216023019958992,1.9509917640198582,-0.7890097241597417,1.302718571211716,-1.3246222235376115,-0.003908594712136325,-2.4236358266461027,-0.5885200755735802,-0.19562146479806464,-0.33528993844314836,0.8839938032771011,-2.094836754065507,-0.5321486167946341,-0.09682234187139349,-0.19457093335306622,1.0
177,0.3611544634266731,0.8415773725814939,-0.5128519688252444,0.8159577152578037,-0.9008054652722098,-0.9716100930834375,-0.168087822716764,-0.5079156958468597,-0.28568818444368455,0.231267409415248,0.3670132665973744,0.7959176511619587,-0.24817707262016722,-0.5398992016304013,0.38076617785210876,1.0
178,0.25122545840561444,-1.7302744671024683,0.4486000624721644,-0.7855192089295034,0.6951720643062289,-1.2765306934887999,0.41183148337587383,-0.04291791893338083,2.3555359753421543,0.25207379965746285,0.22928776883310964,-0.8406602092945454,0.20526843442189763,1.2900048842125507,0.15663620716034457,0.0
179,-1.7756902171428315,-0.5610277122335354,0.6082957878968203,-0.9362421085997442,1.1092478786147386,-2.2505973442460827,-0.4420321540886314,-1.6040727047186567,0.604233460868991,-0.60248142901485,0.4033845376754416,0.46880831933049844,1.1120762745605013,1.4170773824587486,-0.5395221687424289,0.0
180,0.6750990626233961,-1.5672495102062527,0.3642867674910581,-0.6495937005979737,0.5493811125497736,0.15234866665899968,-1.5204884386773403,0.39047830733913225,1.4282783969464505,-0.7125599624240869,0.2569962222235432,1.425842147289777,1.5654516511564236,-1.782996180097677,-2.1057148901761416,0.0
181,0.4910872882571054,2.032138838348781,0.4210266896940197,-0.4732282854338725,0.9936444551027462,0.0681011518373033,-1.3810981750816396,-0.24574795312280145,-0.14426496596815014,0.15104046938044452,-0.47273513531949807,-0.11441488139138316,-0.845073162500378,0.2813238124524907,0.10588539874400654,1.0
182,-0.46937761295094665,-1.3015243503799125,0.5159806786772464,-0.8537781501019671,0.8638555840892839,-1.5148584776965461,0.3007156965048417,-1.6567391311115651,-1.2373955450469292,0.9545175127037433,-1.474853672250139,1.7493356256945154,2.4569755950933927,0.2389665445791941,-0.4716148851649504,0.0
183,0.9647874284988716,-1.8293133624377584,0.47393349341262664,-0.8299749920247347,0.7343061628260767,-0.7522709564146716,1.5741004489019785,0.6295101575604533,-1.0696777431062012,-0.9734096501093247,1.133413753159483,-0.926506561506448,-0.028078865788319106,-1.4152502653515657,-0.6277366992225044,0.0
184,-0.7452368049493301,-1.811445599460641,-0.24799598876213833,0.2343731094493104,-0.6426277046083513,0.23138618534466407,-0.885227116085102,0.07519547828270258,0.009089368791929708,0.2936604455457478,-0.5188747751909023,-2.2266665389464397,-0.12692180449254722,-0.9884536222049936,0.6290485578427751,0.0
185,-0.24029843785061894,1.2600722172432937,1.1243034840438806,-1.5645715006261063,2.2645735234834286,0.393823919835459,0.88108895806936,-0.4227999127138157,-0.0911061776233114,0.14825507036443092,-3.195350114296074,0.3723333941508707,1.0017848205768973,0.05104301667478776,0.21839846406613272,1.0
186,2.0144608093615277,1.8381131136978257,0.8600286094850156,-1.1336795952377419,1.8138580378710736,0.4929823449987336,-0.8666365991935789,1.4384403152281255,-0.18848547201822224,-0.35493836656860095,-0.08286570291908275,0.7111052954156047,-0.7491975682137854,0.40486167538976875,-1.4092728325114814,1.0
187,-0.2117594009758611,0.14351096753740955,-0.36818334153959376,0.5525215837380958,-0.6896922340147587,-0.05960731032305293,-0.16200764938428783,0.7683512488631264,-0.05264824368538515,-0.3220231868532187,-1.52078450078346,-0.33579877170883443,0.2964821551809051,-1.7800243143258072,-0.3536514420125323,1.0
188,0.5034337750689839,1.3231525123207692,-0.6468960536649188,1.0481158617827364,-1.1118340157526643,0.22918127803965072,-0.5118603972405237,-0.16445567505221656,-1.0935840865565207,1.212165985796579,-0.807954728836269,-1.829646183840138,1.8245571506761038,1.8071019094643086,0.10162877560242947,1.0
189,-0.08930250024770205,-0.4500714953338699,-0.4058887053475561,0.5651802833205838,-0.8170906484131373,-0.7625031182419765,0.9900469555408754,0.20102396780409915,-0.6750117969473735,1.8110774747273959,-0.8489461287871705,0.686648291597949,-2.0067621291464373,0.7062693990764018,0.8070047839780645,0.0
190,-0.14472471778254703,-0.9982508309967781,0.5927950175201054,-0.9449892854027535,1.038843718148074,-0.6475115273749892,0.7571392010826344,-1.3481798037311805,-2.33697708802929,-1.0231179887809012,0.6378328404822446,-2.1089769650755383,0.9858336956189659,0.7050883635667413,-0.4131710317646489,0.0
191,-0.24804339185330632,0.9031293045348486,-0.5378648068027659,0.8572344380483403,-0.9428258228639043,0.857504191917237,0.30649089331857676,0.3571349841693551,-0.40581029389573137,0.3547912090712893,1.0108044188454648,0.3961889334198879,0.9543699513787689,-0.5034987046621507,1.2800639893545303,1.0
192,0.6870679287117809,1.667329802749963,-0.7153610338445339,1.1737855931989722,-1.2104549035946999,0.1759107113785155,-1.7485762090214163,0.24364781025910187,0.10501166603435333,0.1573203506193891,-1.6416248830698854,0.6939963072489888,0.7603120390806645,1.4913714513839254,1.547680975687584,1.0
193,0.4071630104423702,1.0056008596661545,-0.5927731747521,0.9454878760371187,-1.038116066668891,1.2909337083447154,1.7140246610620373,-0.23447319403087172,1.4834601253072384,-0.6358101217821884,0.3771113026780804,1.5807003817181728,-1.3734976263685155,0.8113113296552811,0.6293823507461467,1.0
194,0.9912827704803954,1.2177473545577024,0.7810894976723677,-1.0622373034734358,1.6052198348173343,1.4531917523116848,1.5477977423494678,-0.7098506397524017,-1.397638491326539,-0.6127663424549494,-0.8632764845407066,-0.6299494886966489,0.12819998174034253,-2.118759892108915,-0.5367587372873175,1.0
195,-0.5017581775398156,-1.3971359998536057,0.5976973571224999,-0.9810120826821029,1.010979356873514,-0.22955671488199758,1.2812473509811741,1.2656260340419172,0.6402558967590639,-0.06871123549611188,0.5897416639996377,0.6520128209663796,2.4358083566836592,0.5341419682932657,0.3896902320714263,0.0
196,0.1781390431317466,1.014377463525215,-0.5720391385226079,0.9155902978324243,-0.9977031369200676,-0.039724626080071816,-0.33784950269736963,1.0484134907956888,0.9021171758802544,0.2819252020706782,-1.6775280898291036,-0.8197548899116375,-0.4554359833037151,-0.0326829209555613,2.758406740124311,1.0
197,-1.6958150572108257,1.924324425595545,-0.8046386173464569,1.32380679633257,-1.3569559882089788,-2.0490149510231013,0.2790247321899685,-3.4392997127455924,1.2123085694454858,0.6952552389955269,1.632334990752667,-0.48416518551204785,-0.29726451792058345,0.38839800218304954,-1.5451738608050418,1.0
198,1.0138040740678549,1.2790546892324834,-0.041240598839440895,0.15308984808093354,0.04061427373557702,-0.9729629759683978,-0.45301572644990357,-1.0157635136230363,-0.2077978191494738,1.444942461233946,-0.27290510884340485,-0.22499698997555093,-0.7520609214372086,-1.6091758629491628,-1.0106622253585364,1.0
199,0.7487898216917,-0.9909545945724902,-1.1589034324680454,1.634954039089739,-2.3055304527410305,-0.9474472354334161,0.5178944113325556,-1.8541345518919037,-1.076296466897878,-1.4711338614494014,0.49608990842887457,-0.00036047407520679923,0.458401143203603,1.1427981194478944,0.42639456598821074,0.0
200,0.9447961747981377,0.7555876760041806,-0.5236330905222084,0.8256237443305392,-0.9294181437024905,0.026013684279963683,-0.8565635379302566,0.12605995852693178,1.378308135616672,-0.42580431704695604,-1.6826552862618225,0.22123139796673985,0.5888766457674132,-1.2239527915348096,0.2867419382116735,1.0
201,0.5632986176199148,0.08617998420248751,0.30296051849301014,-0.4398932030383176,0.5865781698258297,0.17561937797547453,-1.0678628488652595,-0.5780351775444419,1.4493992548600851,0.8295455332168313,-1.1795045566215787,-0.23712656166031487,2.061904821706603,0.29079257860127977,0.1826990847196162,0.0
202,0.9837559861837116,1.358440686518442,1.2383802552842276,-1.7254488746945036,2.49159551325298,0.1930256582314133,-0.488403295752452,0.5475074147627481,0.8916176844666246,-0.8477937680558809,1.6068097548435802,-0.7043706657076838,-1.2756926992377708,1.1481714250715436,0.304690903810324,1.0
203,-3.031449340717922,0.6426283175286471,0.791252509338746,-1.1187326264485904,1.5709542873945155,0.30417197543106533,-0.531361996693933,-0.6087428690374365,-0.3043746869690802,0.25365127619016853,2.2236500069610092,0.23262811550347778,-1.608826118011185,-1.2129384633957472,1.1429453562454592,1.0
204,0.020702930091996787,-1.29647707494343,0.45208064282029636,-0.7593194004227942,0.7423026839463389,0.9264375878833612,-0.06488635913213431,0.921366827465079,0.7956100028529222,0.3492761640833635,-0.37744778091142733,1.7729359212443234,0.16901084723208648,0.20900066150797966,0.31197984454447486,0.0
205,0.397916717820085,1.6559630482581542,-0.7211202648866077,1.1814453866907522,-1.2225135705126844,-0.21588147628595666,0.09535794943187906,0.05607108743304908,2.0310753283983334,0.2853786289170187,-0.8420771339852063,2.0771089074398748,0.8486696057411643,-0.996763359262289,-0.3135702560447481,1.0
206,-1.279300370758185,-0.8096347096714145,-0.7434784004985785,1.0363244098941973,-1.4953103770732719,1.2889447349739782,1.3842370856175366,-0.34842539237945275,-0.27659297540749267,-1.31817204560355,-0.34560794512752235,0.8679745164597608,0.3485876076940573,-2.022055596891423,-1.0393180882096629,0.0
207,-0.4266755776361363,2.422744097242235,-0.9093203980733902,1.5139446357839026,-1.5103420725669119,0.9140142660108804,0.4408012496407023,1.4341829610753125,0.4311056832131347,-0.2843045747053372,0.5428921759460492,-0.04976958717252396,1.6245301554185225,-0.990961184228812,1.151918557866619,1.0
208,-0.15201092993607052,-0.3824802406838491,-0.018204708441555587,-0.0008125149146726192,-0.07045874737078106,1.2300504372164265,-0.01949825703901781,-0.33391256073270376,0.9656317379720462,-2.018278465888469,-0.7512194959819669,0.15511075632680305,0.6474750181680612,-0.36958366974860224,0.8627346451213767,0.0
209,0.4359085555302852,-1.7893381785212608,-0.8273166110687286,1.08903251959468,-1.7468390727173682,-2.151321504361393,0.660106445481296,-0.8234352074722779,-0.8140688515157868,-0.4391098623247711,-0.6237400168676986,1.3593984570112958,-1.6570797685712422,-1.2745910817417265,-0.6291568924823301,0.0
210,-1.0962459231365946,-0.2084928730075667,0.38081264008347204,-0.5758109411027401,0.7077447999801498,0.7101120286150475,-1.1435923591596162,-0.21677568930785385,-0.2708974672827636,-0.2179676147762119,-0.049005375514483696,0.7217076930607598,0.06018554070806635,0.4655784821855409,-0.8677050120298063,0.0
211,-1.5407107625121665,1.4467186421452782,-0.6797060631184056,1.1053522213286182,-1.1629564379911623,-0.43556703460286944,-1.3537582772264114,-2.0351205245380455,-0.28466106026475735,-1.5312138582693833,2.1331708834960565,-0.9191981996422511,0.6727207315031274,0.4252436145586981,-1.2768663206182818,1.0
212,-0.9867375122935353,1.1929454628739253,-0.6159325040404576,0.9931189080337806,-1.0648573684511837,1.1223462041848868,1.733141588222049,-1.2638041481123352,-0.16329619613368113,-0.1444509523299263,0.2668946105983033,-0.8329747899708884,-0.8086671334141968,-1.9702217394445227,-1.5931929535139828,1.0
213,-1.7844177587734829,-1.3757224880921355,0.5657460685047682,-0.9324167756728307,0.9519633751012744,0.7416305590306926,-0.026038195209104404,0.44746777728335324,1.1866384608481573,-0.3359444917824307,-1.5556011729746888,-0.6379147340433885,1.6195160498346297,-0.5191886091007994,-0.2617377956949495,0.0
214,0.7899151887480794,0.9381718127199332,-0.9374153189049969,1.4481122644931532,-1.7025398194342196,0.40862792213631816,0.7317443155126482,-2.292352802275853,0.07319989343585337,1.5617976864583167,-2.300464918564482,0.6218697980649763,-0.12091934368926059,-0.6927357401010159,1.3373870854652838,0.0
215,-0.5136258525143401,3.112908720871216,0.8673054709366991,-1.0523403823670257,1.9467241004680496,-0.01725672348141734,-0.3503058323405717,-0.043496114604140594,-0.2857763529609591,0.2656824922847357,-0.3783940828344311,-0.9204153807894171,0.2601634535887761,0.2780150735752516,-0.6870479371721454,1.0
216,0.6724779044003798,-1.2212948878871388,0.6254392587909691,-1.0091649709985029,1.0803658249203563,0.29047459947944887,-0.21437029364702784,0.5391495614833537,-0.5589935678407385,0.03416974564549283,-0.05372530710321955,-0.9376168977593687,-0.17183914465253136,-0.4919141997516305,1.831321129621623,0.0
217,-0.9412894546670647,0.319431253222076,0.08976076301103145,-0.10910827427258174,0.20121863057065115,-0.4337503002803822,-0.31657278061730115,0.20842058240860337,-1.0451733087204869,0.6800176481741265,-0.22612552097966718,1.3952346833063687,-1.1370818752844074,0.27712382306111605,-1.7512974078898835,0.0
218,0.20547063811970234,2.394768631243402,-0.9058468217212452,1.5068095714951022,-1.5063197142991211,-0.24675076772190016,0.7930689094221273,0.03835370327600319,-3.46349916439085,1.0961864625095439,1.6340075452563436,0.9202374192814269,1.5016722689079565,0.03496559781661919,0.9839409565404859,1.0
219,-0.21152018216177068,-1.1305903474759322,0.5032275962105722,-0.8226555867105306,0.8554546039818512,-1.2597895710194393,0.7654662914682545,-0.4948939363387012,-0.5518211402347374,-1.2554888680362049,-0.10153505576320364,0.17855893887916222,1.1303199374893105,-0.8065467252205908,-1.8336850403860034,0.0
220,-0.6158480538892797,1.11167627253364,-0.6005865694594178,0.9646531164318508,-1.0431371046665685,0.7990765317198891,-0.08182237823663847,1.4481910481370193,-1.7002632238007855,2.179602342354751,0.6241399076046737,0.6637605700605511,0.0026364806824265637,-0.1521933105244674,1.7185781794408441,1.0
221,1.963185516697704,0.9767372032459829,-0.5701390453492424,0.9100743172035906,-0.9975874782234655,0.5692601394685705,1.1167591478367147,0.18416001928939776,0.16301878679633974,1.5975382204534732,1.066433656774079,1.7231409273524538,1.5140386971198816,0.6128406104860312,-1.559254021049027,1.0
222,0.5456341932835783,3.005962438965076,-1.0406099922395335,1.7493865118245666,-1.7066247918013944,0.5811523430087944,-0.8125307038408917,0.3950980298703879,-0.5544219452843165,-0.2611860773373109,0.49527151364336647,-0.2819645858455595,0.6548644616570237,-2.0316885253170187,0.045510811927399496,1.0
223,-1.722640070827292,-1.1264906282664042,0.5527368347829753,-0.8952630390368346,0.9503803832339319,0.3943700405821549,0.3664691589762285,0.27938856295859354,-0.6154798874242807,-2.2026511973600287,1.290642278899883,0.9563440578109362,-2.0401055008682834,-0.08922577455144304,1.0609618389846551,0.0
224,0.1663192508354587,-0.7463427734197585,-0.8637831742393292,1.2180463584121428,-1.719138467708547,0.1869553012952653,-0.5395358131408413,1.2410850297842964,0.3030665322543728,-1.3009727258928352,1.4382255277789,-0.18489873017167688,-0.9075491319300322,0.7885463143954179,1.588627740445866,0.0
225,-0.2627384762411215,-1.6695119345128604,0.3916552399278777,-0.6972789043259866,0.5921005045555607,-1.119214689581709,-1.298105089255623,0.7557358710789083,-0.13861428380150537,0.494874345146816,0.6708863537793659,-0.4719881605551647,0.942700488884033,1.818170441340701,0.6981025749817379,0.0
226,1.2660260267397387,-0.5545906310340718,-0.8560548162519195,1.220512830821898,-1.6864851020473535,-0.7977105411837955,-0.16548902958979894,-1.2464027707280076,0.13708714797223173,0.5691895475782486,1.2525838852679048,-1.7241468285228785,-1.489633729764943,0.12487378981462997,-0.5260632870020413,0.0
227,0.8266988868659234,-1.499712680233471,-0.009205835230141098,-0.09474029302471125,-0.15753999778605043,-0.9363004607443512,-0.12484962602377787,0.3425440666528036,-0.7269217831776131,-0.46769473102416953,0.5445304952004739,-1.193006388929657,0.034433267836928204,-0.8705453818374813,1.7561414016299741,1.0
228,-0.12751355369794642,-0.5126373968557024,0.6453783635396121,-0.9873527340941335,1.1845770327215093,-0.3298869893304236,-1.2064808836756566,0.980258625038888,-0.6109636572513599,-1.5965799224067279,0.8370565693196089,-2.325580204892047,0.3044385082316364,-1.092810250638521,-0.21838426736594554,0.0
229,0.10577536648056468,-0.9882775330425023,-0.5483521037136425,0.7360964098492646,-1.1393677101377824,0.8117453410036392,0.5705194268306832,0.3908246839751694,-1.0728405236758132,0.2828940954546696,0.36119430595335983,-0.5475623078461045,-0.8614965721335349,-0.3255463201543755,-1.5027177071987723,0.0
230,0.9499889667903394,0.9601762906604203,-0.5700369459920761,0.908728089662833,-0.9989380534254929,-0.24934843317384106,0.44108031273031445,-0.2921643863894666,0.1031062700067788,-1.0837758450191082,0.07146334863342454,0.26629711284069,1.1503878222654724,-1.327331670359645,-0.7294544549259436,1.0
231,0.2690236881361374,-0.6924166345325047,0.6552044129852373,-1.0148038989979353,1.186563050689119,1.2266509288636582,-0.43845275899028346,2.2196471406603586,0.8798196680686365,1.6684149187200839,0.6261086243786651,-0.8725012638188085,0.6605977101900894,-0.11611717392552266,2.02541349218797,0.0
232,-1.1482636744603278,-1.2554579564030537,0.6726757574040917,-1.0811887641928866,1.1673806954880956,0.05169569789934549,-1.3076967649312543,0.38442664477820665,-0.21317082474332882,-0.023423995951352757,1.2711901990225376,-0.18334202817218787,-1.0976324618596407,0.3232086739839492,-1.3300225405167752,0.0
233,0.0045107110307109136,-1.6387358623656358,0.5618437252709513,-0.945663004485313,0.919965748477135,0.489057288646165,0.45684129563494735,-2.7191812182868302,-0.38015613288052647,0.5904725157052165,1.140853350108102,0.9394643122329485,0.3899837712176211,-0.9365229788715274,0.26215934939818974,1.0
234,-1.2380187643802176,-0.11554971769660716,-0.3079262480542117,0.4450845299913883,-0.5988016864639492,0.23771423730144003,-0.28654318704682213,1.947418125049349,-0.2035250385456846,1.387055715343954,-0.0981433522968364,-0.9911649965678694,-0.47320837289054196,-1.0112946264649592,1.6567012146255962,1.0
235,-0.8190905608533117,1.2750578693360266,-0.6253824639053424,1.0129636302674374,-1.0752399464078581,-0.6469584170190538,2.004631222988508,-1.0846928328489032,0.37222667814257293,0.13265827032570673,-1.3564850170250322,-0.7807193342425658,-0.8640588689476408,0.9350879027663319,-0.43232226148787445,1.0
236,-0.38097045387564626,1.0784702067209166,0.8740505547494363,-1.2091819828493142,1.7697408718981291,0.391783444751745,-1.0643964501689924,0.37427528198683446,0.13119142491630015,-0.7109193680168148,-0.023992347774386715,0.34222687136582847,-0.9160921909800737,-0.46441455239256213,-1.17793782449582,1.0
237,2.4032736433882973,-0.753101284786474,-0.16804458574320438,0.19306716595479495,-0.39118213691079684,-1.177119671150469,-0.021565152434818435,-0.49954513922994553,0.9441431322422603,-0.5202041939668497,-1.5582549877277518,-0.186990642711193,-1.414274231348991,0.586983681319579,-1.6106552638775828,1.0
238,0.6420490953570545,0.7773852048084031,-0.5231164737466325,0.8264370405668516,-0.926397357563972,-0.9968788628208596,-0.9593741369090095,1.3242223122090582,-1.4590437073972706,-1.8889737971237777,1.3425361004173022,-0.8635877587341073,-1.1620600814644515,0.2541370702498409,0.5529719989963099,1.0
239,1.1463151382107628,-0.17640875039856552,0.6594651686862804,-0.9838163959373659,1.2428557809116398,1.3776751989689808,-0.06616933767489767,0.6510430269047565,0.1276992414138212,-0.3081981738184644,-1.2176432628709857,-0.22684474105071317,0.739944635357752,0.333335980407029,0.42172018046372617,0.0
240,-1.2786441258922558,0.20825569995704885,-0.7619855989530827,1.137079806458707,-1.4356573690716847,-0.938829562289759,0.516069164329883,0.6086036699185609,-0.5967202088359947,0.3798574535968278,-0.34830790605854184,-1.0552482256019142,-1.1948445772176517,-1.0062729046298935,-0.6276344397071242,1.0
241,-2.4906483532122032,2.1247709678626547,0.2813628501199366,-0.26088097357266143,0.7355863320805158,1.3909521993345382,0.06703261532935051,-1.4520196476188532,-0.7263000030225548,-0.45786788431252057,1.255606806720678,0.3194117038323328,-0.03401605136418582,0.21476672278650807,-0.4444184239956746,1.0
242,1.9715942447258066,-0.4916408371852974,-0.47996858441042284,0.6712628441048663,-0.9624335345127037,2.0571857830541926,-0.9640006199917962,-0.8572267712910538,-0.9566679927853328,0.7951061741639379,-1.2956155045103672,-0.9214039325037009,0.4813674546757574,-0.30798135647444724,-0.7577062903828554,0.0
243,-0.7585500238741684,0.6960025925732181,-0.05369285980347509,0.1293231807583127,-0.03757790142027395,-0.01755020832859302,-0.13348519828929295,1.3570562582519656,-1.9084531204728474,0.45613588144820477,0.11220512776013573,0.1637217095423667,1.8828231463576404,-1.3637302572114216,0.413905484299976,1.0
244,-0.7302188463930378,0.002103748332316968,-0.3347764097195776,0.4931179151916756,-0.6390949419636367,0.659280331012595,0.6945628655252953,0.43199769440853886,1.7815339170763227,-0.6126621322610335,0.5206193403253606,0.7792621268414329,0.006992224014630008,0.4737358600776487,-0.7533622243023386,1.0
245,-0.632924129917061,-2.5192074332117915,0.2563783951674221,-0.5594381813775401,0.2544772239555563,1.1015555323285127,1.741221196958512,0.18636171532674348,-0.6385856737005675,-1.0813042785020077,-0.8331893276186352,0.12939766684091306,-0.7579246125944163,1.3399276609779494,1.5500867548831414,0.0
246,-1.276357584494242,-0.2937717441764357,-0.711489824267633,1.026471591603373,-1.3860819395866977,-0.47093906060549534,1.0641786293371291,-0.4896788554306194,1.6920723643733917,-0.22515961034157536,-0.5695345199118533,0.8256371078635225,1.386595838597577,-0.06708605998798566,-0.19017668577658436,0.0
247,0.36807832956730885,-1.2600566498862629,0.46648558942963564,-0.77790105353179,0.773209397463589,-0.47732622279573883,0.20479394222742794,0.4813505839977795,-0.30256537020022045,0.6603767014529223,0.9310250941979809,1.3638635497532572,-2.3254886829060104,0.7548172881988756,0.4222458616983999,0.0
248,-0.49746900799868904,-0.22127832235697786,-0.5440994852180406,0.7852202876910837,-1.0596667888247557,2.0797501684674677,0.26152755392423327,-0.3045039378701711,0.9132215336608976,-1.0932818638248727,0.16572921637799684,0.2914454506503196,-0.4321730049821348,-0.2723031196729054,-1.035887152632824,1.0
249,0.23255881085222485,-1.2395374846150569,-0.9470329604563404,1.3050193957364213,-1.9241401434603165,-0.22563353936862018,-0.16268960577627412,-0.24241141372177427,-0.1922590050088877,-1.6018615636328637,-2.3270789435997745,1.1596583566838583,-0.35894506086247896,0.3877577280203322,-0.3432433018295646,0.0
250,-1.5013647968915533,-1.0893263876234616,-0.4638269048935926,0.6043342388326665,-0.9873881944328267,1.5836817670739471,-0.6128252968814883,-0.41720302219722066,-2.111591781298452,0.532099108091512,-0.14688451686242074,-1.3862654216106682,-0.2796253391194174,0.3356583376379802,-0.7623228266301084,0.0
251,-0.7053077083363775,1.3413575569085956,0.20685806776481558,-0.20774220600697044,0.5201995552747063,1.2235844794142774,-1.0345518710679011,0.9681525250211315,0.329781588785287,0.909214290661778,-0.6882192718142303,0.311864613372814,0.3831645047854063,-1.962463807692981,0.352664623129846,1.0
252,0.1892917760205933,-0.03482987883604216,-1.9936036802002703,2.9331123884665447,-3.8102494322591824,-0.13279705952762846,-0.8097862422244484,-0.054216648090874967,0.13260047641666595,0.28756026281764474,0.7548853470883573,0.29936600736365604,-0.5394613437990428,-0.45578024659214966,0.08192504695821892,0.0
253,-0.23235635969029442,1.0069702324268806,-0.5686201990499118,0.9100209451646909,-0.9918655859982609,-0.8846353149517432,-0.6560904024236871,-0.3629130366997047,0.5164368195965928,0.8493795582817627,-0.2083349949736579,0.8434955133772428,1.1560703430174613,-1.0175326779493579,0.10598121457587938,1.0
254,1.1739510195392449,-0.7095305668064436,-0.2643132755447221,0.3379713318906064,-0.5709512405856297,-0.6123457983333916,1.4205310043381718,-1.796036639045633,-0.6380181017643535,0.7368356256654283,0.6338717746926937,0.41750708975549244,-0.48914182362966796,-0.36855374387305495,0.41371274171973405,0.0
255,0.2776589722352349,1.7900563479337361,-0.7468233139575345,1.228976762701082,-1.2590820469764608,-0.8665186896319328,-0.7047541724433967,0.2616614779651572,0.49107181256707966,-0.576264574428176,1.6675458226138218,0.7951231202558602,-0.24207945057313576,1.3013444720298017,1.505318984613918,1.0
256,1.0661462028709323,0.5139656817687233,0.26449029686799025,-0.3523539808897008,0.553038216530723,0.9820988501256158,0.7416570119853937,0.7634691285978321,0.1218031289030769,0.6521300220021117,0.7680071858844478,-0.10540089747839998,0.3237906347746307,-0.6957681933907565,2.013566085531624,1.0
257,0.2749654232258215,-0.03333502037062763,-0.4742859049791446,0.6959897943191944,-0.9088105264611152,1.3471267195479684,-0.43116892389977673,-1.0605170102412689,0.6262313563349923,2.8504878188741958,-0.44991879523562744,-0.4447538000613143,2.1331550240377193,0.4820265097399665,0.7403033554495706,0.0
258,0.8586890880372456,-0.7716743660161589,0.8924882313047091,-1.369933104093599,1.6322851026780731,-0.022972166697931395,-1.842020936381621,1.3597229963341113,0.8295248090188575,0.6674500172530883,0.1997750206235237,0.6814016042321752,-1.7803366789091208,-1.4343324938465025,-1.5499221250510993,0.0
259,-0.5057750020022911,-1.081714897392199,-0.9603040072687007,1.3359578821373577,-1.9347538527599064,-1.5112097625531506,0.8730565595147719,-1.144709885668118,0.6324271643486054,-1.6373032238397882,1.422793798780252,0.4503975747479173,-0.7381582879537668,0.18141332514687714,0.15324019943567105,0.0
260,1.1522112926664156,-0.352163476456006,0.571703143488184,-0.8672762504570614,1.0588625449741016,0.27402683375034026,-0.9236252713949342,2.010011770775008,-0.4969501938474697,-0.12909671418837396,1.398565246650491,-0.6471327890662008,0.8177081993671279,-1.2696203635245484,-0.09047178014031407,1.0
261,-1.0139376576219554,-0.5880277644247686,0.768120265235482,-1.173537052468529,1.4119299948343966,-0.5979651939695406,-0.5436528747357475,0.14500216299122645,-3.0165729745883505,0.36102099504454294,-1.6411925373848826,1.4470312767838303,0.7220709448299388,-0.29447234166715563,-0.39959318982289993,0.0
262,0.5236685469941188,-1.3168373406185216,0.18531646368203086,-0.3679732208113941,0.23098790205348618,-0.12057536794721185,-0.5623473951215655,-0.44093123812273555,0.7606876256699926,-0.5909756010268895,1.3995552557058777,0.257179921998715,-0.4627419289484022,-0.06839551643963232,-0.34553829955246423,0.0
263,-1.0228700477048254,-1.79470621128123,0.5190645695780206,-0.8939325198119912,0.8237184755850444,-1.244726518398273,-0.606655527118754,-0.1004549366359486,0.2805261441512407,0.7507838919315051,-0.32575592159457073,0.22369766775593983,1.9279951933239705,0.2999538039401146,-0.5633692704926581,0.0
264,-1.4238086501499623,-0.05784812249086757,0.5325604891993178,-0.7883849134280707,1.0115824088743008,0.02530396365635052,-0.9944901037513398,-1.2578978801808063,0.0888248067054547,0.6478843779798936,0.7891329121988082,-0.5822804929583301,-0.7742165670027827,-1.9196288344748604,-0.35473562623181903,1.0
265,-0.21597111678670844,0.776105436522121,0.36515027872834505,-0.48164869643636216,0.7697233474384899,0.029748080261496886,0.7356336974573261,0.8580009896333987,0.49169700324284216,3.12240119806084,-0.1829537649688393,0.40497524573660815,-0.7598183980132865,-0.9661973580917602,0.25458182383911543,1.0
266,-1.506364157530937,-0.7317887288931226,0.5734959754436872,-0.89732944359114,1.0268576760410983,2.05924410198865,0.24180720210189968,1.4758400497047677,-0.1370067211569351,-1.5028181300033778,0.22760832149222388,2.0994430229974164,-1.074295476106529,0.7187652027794242,1.5104034601015945,0.0
267,-0.27122518240736837,-1.429407102847813,0.51588881482882,-0.8628774493891039,0.8517455205325724,-0.28778237139872276,-0.7598056074131033,0.4720997572278483,-0.5196348993247196,-0.2377706722805756,-1.2052419182719538,1.6857457519740018,-0.03272591245973342,0.05651520213783243,0.22132805159823113,0.0
268,-0.622266807953872,-2.0558846604788856,0.3346144074076594,-0.6411854100751445,0.44711676892404206,0.09849291483094898,-0.38414595976771354,0.06070490813353507,0.24067150827482037,-0.16496312430143975,0.6713439382980989,-1.0311224038871956,0.5485142408958694,0.28005322988113585,-0.2696250160559181,0.0
269,0.26300305927014095,-0.6881596265092622,-0.5520859181093422,0.7632664211992829,-1.1184893660512336,-1.040998885251959,-0.6052133767268616,-0.6426111644804732,0.30298443366627587,1.1092111186849163,0.23644428741282064,0.1319214587024728,0.08417106184848633,-0.6471611347827626,0.009823842878070999,0.0
270,2.895248733879194,-1.0703458703313746,-1.1296336306458603,1.5861206376783896,-2.2570458227134407,0.3238045164901776,-0.1946002616932566,0.9546553192840476,1.1521324860171427,0.24230062886715914,-1.1102135540932982,-1.0617816474484882,0.9815755981660033,-0.7496018503895038,-0.7755614930849499,0.0
271,0.061064697986571013,-1.2202247810546825,-0.4407859598536007,0.5609535806481248,-0.9556051254823537,-1.0003536554448456,-1.1024235433808849,-0.8931455033712462,0.6517968711769291,1.0318350290981795,-0.7613576104136507,0.10877058101111972,-0.7790172963554474,-1.1407852479919127,1.0674652819385813,0.0
272,1.484192726984516,1.607010874773132,0.6202562941465541,-0.7972974961550847,1.3344196350891073,0.9581204260153076,-1.7114630451335842,2.2587038014527314,-0.6614893871036089,1.6595236543632463,-0.05595392891288695,0.7114020908514068,-0.7634213603177886,0.8710775804069713,1.0335700680529718,1.0
273,-0.9059327578960676,-1.3412055600429467,0.38508498110098843,-0.6638966390346341,0.6101930401330491,0.09147203092391738,0.03227147551027761,1.1357392714240773,0.869649999396325,0.14587135753521735,0.4199167959017284,-0.002435246677530384,-0.5072920635384948,-0.3233050921650996,0.021449015188595797,0.0
274,1.08193238016574,-0.35725711769696566,-0.2678571363309539,0.3686278480719357,-0.5448427512005879,-0.21962666513687337,1.4885488356130068,1.5653108526328514,-1.0055858865317138,-0.5082563246338582,0.6342040812231917,0.9679154814279203,-0.946171951201608,0.5269431329915603,-0.6440038348983924,1.0
275,0.6955716961573821,0.013579910891192482,0.7255153102927507,-1.0673574410270634,1.3867162385261724,0.19591377902310952,1.8309303783143467,0.01031969274576495,1.3161511632587743,0.6019395940717077,2.2168565389399775,1.976657173700048,0.7294496374041691,0.16062932081366726,-1.4690591713520305,0.0
276,-0.6174988152143013,-0.5918763994049178,-0.8270398809548138,1.1750952167625932,-1.6345576763376861,1.0675498993487003,0.08986771383459702,0.3891200265888205,-0.21138179921236322,0.5503944782907291,-0.647794652874293,0.9666161498142388,-1.4240214199073673,0.6201309789227853,-0.35059242044898725,0.0
277,-1.4548158117323413,-2.1389264220114774,0.42654895953744326,-0.7825577107428997,0.614925744734074,0.17998865402759123,-0.8033366974300461,0.3564351475713204,-1.9194207514122184,1.230472798892201,-0.9585016192039237,0.04910723774121904,1.4650928865376096,-0.7764487154631234,-0.40155143158777096,0.0
278,-1.1913498830857627,0.8332996115750315,0.56037490409472,-0.764991407714835,1.1478632377209266,-0.6718626646317626,0.8908642142854007,-0.3692198648165152,-1.359673641748363,-1.362021202566614,-0.18525353555427865,0.773300445042632,-1.887279118516551,0.7956433740014981,0.8587647036481812,1.0
279,-0.03139257584479741,0.7590180757024036,-0.5253789019725542,0.8284422054254128,-0.9324318153743616,-1.3318995684572787,-0.09572894658973545,0.08970758681407655,0.7357139043785541,-1.3463617301504363,2.238511967013385,-0.2960968060025615,0.39724234622401494,0.48927829248975574,-0.14607030534439722,1.0
280,-0.009693540536879633,-0.30270005566334546,0.3095800443247366,-0.4777221140526884,0.5629266861187612,-1.3564195388027156,-0.1882477267460246,0.07671527711591483,-1.0919061234082534,-0.6486827024289961,-2.5011359598465557,0.872125368054261,0.4761954916458804,0.5988459156172075,2.1258536430413693,1.0
281,0.9524930150526263,-1.9150472809910943,0.5903594177248824,-1.0076058082670345,0.9486327818008977,-1.6522989412704876,1.1526262059955528,-2.978235056354597,-1.2669135446541158,-0.9386578208146379,0.8298287346859797,-0.6756336917442929,-0.26494001910729137,1.1083734068750284,0.3129093600199056,0.0
282,-0.724988054954236,-0.4612054729355529,-0.8510226496973662,1.2198463064481133,-1.6681604864598603,0.4870540599872529,0.07426601961776705,0.6292376974342547,1.3422965961716533,0.279835177664196,0.844394493633208,0.5547402328885508,-0.05394077730224402,-1.030828416439729,-0.6259909087953542,0.0
283,-1.2107825762081021,1.0926669601491659,-0.6099755625710319,0.9771059399547325,-1.0628404301722443,-1.7230668198485106,1.7327194388957845,0.03584051243882047,-0.7165899119512642,-0.7343196456443145,-1.3924650698165801,-0.5686839415128176,-0.261473323182619,0.8686935827510643,-0.3850702604200169,1.0
284,0.26703348478147476,-1.1577245232424118,0.6187955918888666,-0.9947915236711773,1.0736117293761869,-0.03950613656682729,-0.24113917305980206,-0.06581563344733933,0.22145494522561657,1.1100469073680355,0.4153824323958804,-0.1780254485425847,-1.1071385894338284,-0.6650404045986802,2.0326324816522217,0.0
285,-0.7618889425941454,-0.26232171969839757,0.26079879672496237,-0.40297483016101776,0.47354199149419296,0.9006306439647573,1.034917087066053,0.023106701492639055,-0.8627160826356994,-1.841742958912524,-0.6410516458501345,-0.35961019271869216,-0.1032313452569946,-0.027858921816899772,-0.4559407516623961,0.0
286,-1.536752607057403,0.866948961044876,0.5726437123542595,-0.7806276505098136,1.1744321569036391,-1.3618926775854525,-0.13800698757374183,-1.4630569414229904,0.3013628841962137,1.1833427905002727,-0.578198220664316,-0.2540141309721913,-1.6335368972608866,1.4012931380310598,0.4911531735793052,1.0
287,-0.9967991400220929,1.4706482855191383,-0.673601890918992,1.098091675676057,-1.1490666393059392,1.4789140157704515,2.6319782345427445,-0.7990594564438821,-0.10161175638075579,-0.6930409239790349,1.1580076153262535,0.14886897862619064,1.3900499089768679,0.49393268478945795,0.01057971743416456,1.0
288,-0.7944839468602226,-2.740617057930943,-0.4511978989015672,0.46649600424989196,-1.1173782276198458,0.999218636655514,-0.4311475329828733,1.6496735765798056,-0.39657664378426716,1.01238106699136,1.070382719572678,0.3217447173878902,-0.018666657871331618,0.3019912977689026,-1.1068981399094833,0.0
289,-0.2870243724713964,0.03585587840412263,-0.36586194628477964,0.541329369105627,-0.6953061780146401,-0.24663942039385423,2.060050526570065,0.06954357853239093,-1.0113117758266361,-0.34257817469083074,-2.2882488572044477,-1.5296188615517257,1.0456987409040404,-0.31982510639279,1.6874028122693485,1.0
290,0.10367783865167982,0.1467732740522163,0.8039001847277067,-1.1731629236667518,1.548830771412331,-0.14757035288244685,-0.9907821630484575,-1.1924594868552796,0.3969279288904067,0.6474450477291017,-0.8559135818177589,0.8337597150329243,-0.024720616900229538,1.0646755181780725,1.1028233411311665,0.0
291,1.1214140279852007,2.223810782956542,0.152067429072494,-0.06333869077424115,0.49792580686140275,-0.33169570904067674,0.31914533809977735,-0.18254881014437213,-2.5272185293558436,-0.2213687032545635,-2.59627012849525,-0.37948468866672186,1.1526967809124165,-0.5901575158905227,-2.016886990585659,1.0
292,0.06788257099038483,0.32957522368737835,0.2634715757797565,-0.364168952429213,0.533884646569839,-0.12313735021969884,1.8349423052041298,0.2041534422715158,-0.2352105266811099,0.13861181198718803,-0.8879977780679169,2.46104441479539,-0.49210690938822743,0.07765809253076553,0.023107702493382412,1.0
293,-1.9353979235684626,-1.5897406465234312,0.40844805154682057,-0.7162463246923386,0.631612814221273,0.6916381926155085,0.1963050211003886,-0.7929696190735912,-0.127408915849622,-0.09937986560490987,-1.0053955940160635,1.06438264580161,0.6434364037903625,1.013259301588673,-0.544591000722006,0.0
294,-1.23439671322057,-1.645915406361922,0.5687085256196774,-0.9562900253707007,0.9324047872710416,-0.9189712792945234,0.03236540626326517,-0.09947245215288236,0.537274933563009,-0.03660321452426004,0.31911770686475693,-0.5004387341817043,1.0790976083290957,-0.7800547525217232,-0.4078322731089287,0.0
295,-1.4047143823095833,-0.9554816384332127,-0.8665101379873574,1.206959700751712,-1.7438637508594657,0.18262788655208642,-0.8529510500172345,0.5706279903426583,-1.1503111711750518,2.1718862738060065,-0.02971215223371884,0.9207801356610184,0.4456476494117245,0.4836386940204826,1.2579804369303444,0.0
296,0.7428126288249982,-0.10110834859895512,0.8019221465457115,-1.1881500537384813,1.5219199791761362,0.4419941347275712,1.8139420377350308,-0.14485516780153274,-1.2698924438060486,0.38011897612837076,-0.6684571839771679,0.38455714696655285,-0.4057888396668455,0.2820918374604479,0.019491719789257067,0.0
297,-0.2762233553087747,-1.7609456042858782,0.4484212051459028,-0.7874706379423525,0.6919681376306261,0.1626428749755084,0.8782006545044141,-0.6607460849891709,-0.26605734110599005,1.3482249008414167,0.7873917036654751,-0.4028397428210528,0.4037592692731059,-1.5318144895763957,0.12998519809420864,0.0
298,1.6998172711186048,-1.470448466209273,0.5233236512202398,-0.8767890651689302,0.8621129544814468,-0.2384422679932729,0.13171280070149136,1.219492255618018,-1.128067325547067,0.646967142771983,1.2095177368472514,-1.131190844300949,-0.1130933805692839,-1.2997314850529922,-0.3245301273072726,0.0
299,1.3911093600838458,0.9872350694563438,0.40319111869276764,-0.5224187819061141,0.862070033241038,0.26832647016637284,1.5455450927809364,-0.11082959801782298,-0.5836906016989151,-0.6824278662142103,-1.8628270780863811,-0.818668445670657,-1.0593408786118141,-0.1045791350044526,-0.8774636947244663,1.0
